ID,Type,Title,Author,Year,Journal,Booktitle,Volume,Number,Pages,DOI,URL,Publisher,Editor,Abstract,Keywords,bibsource,biburl,timestamp,eprint,eprinttype,series,note,howpublished,month,CCF_Rank,CCF_Name,CAS_Zone,CAS_Top,CAS_Name,Publication_Type,CAS_Category,CCF_Type
DBLP:journals/pami/LiuHLLLOPT24,article,Editorial: Learning With Fewer Labels in Computer Vision,Li Liu; Timothy M. Hospedales; Yann LeCun; Mingsheng Long; Jiebo Luo; Wanli Ouyang; Matti Pietikäinen; Tinne Tuytelaars,2024,IEEE Trans. Pattern Anal. Mach. Intell.,,46,3,1319--1326,10.1109/TPAMI.2023.3341723,https://doi.org/10.1109/TPAMI.2023.3341723,,,,,"dblp computer science bibliography, https://dblp.org",https://dblp.org/rec/journals/pami/LiuHLLLOPT24.bib,"Tue, 03 Dec 2024 00:00:00 +0100",,,,,,,A类,TPAMI,1区,是,IEEE TRANSACTIONS ON PATTERN ANALYSIS AND MACHINE INTELLIGENCE,journal,计算机科学,推荐国际学术刊物
DBLP:conf/cvpr/Tong0Z0LX24,inproceedings,Eyes Wide Shut? Exploring the Visual Shortcomings of Multimodal LLMs,Shengbang Tong; Zhuang Liu; Yuexiang Zhai; Yi Ma; Yann LeCun; Saining Xie,2024,,"IEEE/CVF Conference on Computer Vision and Pattern Recognition, CVPR 2024, Seattle, WA, USA, June 16-22, 2024",,,9568--9578,10.1109/CVPR52733.2024.00914,https://doi.org/10.1109/CVPR52733.2024.00914,IEEE,,,,"dblp computer science bibliography, https://dblp.org",https://dblp.org/rec/conf/cvpr/Tong0Z0LX24.bib,"Sun, 19 Jan 2025 13:39:05 +0100",,,,,,,A类,CVPR,,,,conference,,推荐国际学术会议
DBLP:conf/eccv/BarBTLRLGD24,inproceedings,EgoPet: Egomotion and Interaction Data from an Animal's Perspective,Amir Bar; Arya Bakhtiar; Danny Tran; Antonio Loquercio; Jathushan Rajasegaran; Yann LeCun; Amir Globerson; Trevor Darrell,2024,,"Computer Vision - ECCV 2024 - 18th European Conference, Milan, Italy, September 29-October 4, 2024, Proceedings, Part XXXVII",15095,,377--394,10.1007/978-3-031-72913-3_21,https://doi.org/10.1007/978-3-031-72913-3_21,Springer,Ales Leonardis; Elisa Ricci; Stefan Roth; Olga Russakovsky; Torsten Sattler; Gül Varol,,,"dblp computer science bibliography, https://dblp.org",https://dblp.org/rec/conf/eccv/BarBTLRLGD24.bib,"Tue, 10 Dec 2024 14:49:11 +0100",,,Lecture Notes in Computer Science,,,,B类,ECCV,,,,conference,,推荐国际学术会议
DBLP:conf/icml/BalestrieroL24,inproceedings,How Learning by Reconstruction Produces Uninformative Features For Perception,Randall Balestriero; Yann LeCun,2024,,"Forty-first International Conference on Machine Learning, ICML 2024, Vienna, Austria, July 21-27, 2024",,,,,https://openreview.net/forum?id=XsDWw1Mn2p,OpenReview.net,,,,"dblp computer science bibliography, https://dblp.org",https://dblp.org/rec/conf/icml/BalestrieroL24.bib,"Mon, 02 Sep 2024 16:45:29 +0200",,,,,,,A类,ICML,,,,conference,,推荐国际学术会议
DBLP:conf/icml/BarBSAVBDGL24,inproceedings,Stochastic positional embeddings improve masked image modeling,Amir Bar; Florian Bordes; Assaf Shocher; Mido Assran; Pascal Vincent; Nicolas Ballas; Trevor Darrell; Amir Globerson; Yann LeCun,2024,,"Forty-first International Conference on Machine Learning, ICML 2024, Vienna, Austria, July 21-27, 2024",,,,,https://openreview.net/forum?id=hr8OXXMb7a,OpenReview.net,,,,"dblp computer science bibliography, https://dblp.org",https://dblp.org/rec/conf/icml/BarBSAVBDGL24.bib,"Mon, 02 Sep 2024 01:00:00 +0200",,,,,,,A类,ICML,,,,conference,,推荐国际学术会议
DBLP:conf/icml/PressSLB24,inproceedings,The Entropy Enigma: Success and Failure of Entropy Minimization,Ori Press; Ravid Shwartz-Ziv; Yann LeCun; Matthias Bethge,2024,,"Forty-first International Conference on Machine Learning, ICML 2024, Vienna, Austria, July 21-27, 2024",,,,,https://openreview.net/forum?id=0bGsVoumFL,OpenReview.net,,,,"dblp computer science bibliography, https://dblp.org",https://dblp.org/rec/conf/icml/PressSLB24.bib,"Mon, 02 Sep 2024 01:00:00 +0200",,,,,,,A类,ICML,,,,conference,,推荐国际学术会议
DBLP:conf/nips/He0SC0LBH24,inproceedings,G-Retriever: Retrieval-Augmented Generation for Textual Graph Understanding and Question Answering,Xiaoxin He; Yijun Tian; Yifei Sun; Nitesh V. Chawla; Thomas Laurent; Yann LeCun; Xavier Bresson; Bryan Hooi,2024,,"Advances in Neural Information Processing Systems 38: Annual Conference on Neural Information Processing Systems 2024, NeurIPS 2024, Vancouver, BC, Canada, December 10 - 15, 2024",,,,,http://papers.nips.cc/paper_files/paper/2024/hash/efaf1c9726648c8ba363a5c927440529-Abstract-Conference.html,,Amir Globersons; Lester Mackey; Danielle Belgrave; Angela Fan; Ulrich Paquet; Jakub M. Tomczak; Cheng Zhang,,,"dblp computer science bibliography, https://dblp.org",https://dblp.org/rec/conf/nips/He0SC0LBH24.bib,"Tue, 06 May 2025 01:00:00 +0200",,,,,,,A类,NeurIPS,,,,conference,,推荐国际学术会议
DBLP:conf/nips/TongBWWIAYYMWPF24,inproceedings,"Cambrian-1: A Fully Open, Vision-Centric Exploration of Multimodal LLMs",Peter Tong; Ellis Brown; Penghao Wu; Sanghyun Woo; Adithya Iyer; Sai Charitha Akula; Shusheng Yang; Jihan Yang; Manoj Middepogu; Ziteng Wang; Xichen Pan; Rob Fergus; Yann LeCun; Saining Xie,2024,,"Advances in Neural Information Processing Systems 38: Annual Conference on Neural Information Processing Systems 2024, NeurIPS 2024, Vancouver, BC, Canada, December 10 - 15, 2024",,,,,http://papers.nips.cc/paper_files/paper/2024/hash/9ee3a664ccfeabc0da16ac6f1f1cfe59-Abstract-Conference.html,,Amir Globersons; Lester Mackey; Danielle Belgrave; Angela Fan; Ulrich Paquet; Jakub M. Tomczak; Cheng Zhang,,,"dblp computer science bibliography, https://dblp.org",https://dblp.org/rec/conf/nips/TongBWWIAYYMWPF24.bib,"Thu, 13 Feb 2025 00:00:00 +0100",,,,,,,A类,NeurIPS,,,,conference,,推荐国际学术会议
DBLP:conf/nips/ZhaiBLPTZSXL0L24,inproceedings,Fine-Tuning Large Vision-Language Models as Decision-Making Agents via Reinforcement Learning,Simon Zhai; Hao Bai; Zipeng Lin; Jiayi Pan; Peter Tong; Yifei Zhou; Alane Suhr; Saining Xie; Yann LeCun; Yi Ma; Sergey Levine,2024,,"Advances in Neural Information Processing Systems 38: Annual Conference on Neural Information Processing Systems 2024, NeurIPS 2024, Vancouver, BC, Canada, December 10 - 15, 2024",,,,,http://papers.nips.cc/paper_files/paper/2024/hash/c848b7d3adc08fcd0bf1df3101ba6728-Abstract-Conference.html,,Amir Globersons; Lester Mackey; Danielle Belgrave; Angela Fan; Ulrich Paquet; Jakub M. Tomczak; Cheng Zhang,,,"dblp computer science bibliography, https://dblp.org",https://dblp.org/rec/conf/nips/ZhaiBLPTZSXL0L24.bib,"Thu, 13 Feb 2025 00:00:00 +0100",,,,,,,A类,NeurIPS,,,,conference,,推荐国际学术会议
DBLP:conf/icassp/BalestrieroL23,inproceedings,Fast and Exact Enumeration of Deep Networks Partitions Regions,Randall Balestriero; Yann LeCun,2023,,"IEEE International Conference on Acoustics, Speech and Signal Processing ICASSP 2023, Rhodes Island, Greece, June 4-10, 2023",,,1--5,10.1109/ICASSP49357.2023.10095698,https://doi.org/10.1109/ICASSP49357.2023.10095698,IEEE,,,,"dblp computer science bibliography, https://dblp.org",https://dblp.org/rec/conf/icassp/BalestrieroL23.bib,"Sun, 19 Jan 2025 13:18:24 +0100",,,,,,,B类,ICASSP,,,,conference,,推荐国际学术会议
DBLP:journals/ai/BrowningL23,article,"Language, common sense, and the Winograd schema challenge",Jacob Browning; Yann LeCun,2023,Artif. Intell.,,325,,104031,10.1016/J.ARTINT.2023.104031,https://doi.org/10.1016/j.artint.2023.104031,,,,,"dblp computer science bibliography, https://dblp.org",https://dblp.org/rec/journals/ai/BrowningL23.bib,"Sun, 10 Dec 2023 00:00:00 +0100",,,,,,,A类,AI,2区,否,ARTIFICIAL INTELLIGENCE,journal,计算机科学,推荐国际学术刊物
DBLP:conf/cvpr/WangPCLK23,inproceedings,Adapting Grounded Visual Question Answering Models to Low Resource Languages,Ying Wang; Jonas Pfeiffer; Nicolas Carion; Yann LeCun; Aishwarya Kamath,2023,,"IEEE/CVF Conference on Computer Vision and Pattern Recognition, CVPR 2023 - Workshops, Vancouver, BC, Canada, June 17-24, 2023",,,2596--2605,10.1109/CVPRW59228.2023.00258,https://doi.org/10.1109/CVPRW59228.2023.00258,IEEE,,,,"dblp computer science bibliography, https://dblp.org",https://dblp.org/rec/conf/cvpr/WangPCLK23.bib,"Fri, 03 Nov 2023 00:00:00 +0100",,,,,,,A类,CVPR,,,,conference,,推荐国际学术会议
DBLP:conf/cvpr/AssranDMBVRLB23,inproceedings,Self-Supervised Learning from Images with a Joint-Embedding Predictive Architecture,Mahmoud Assran; Quentin Duval; Ishan Misra; Piotr Bojanowski; Pascal Vincent; Michael G. Rabbat; Yann LeCun; Nicolas Ballas,2023,,"IEEE/CVF Conference on Computer Vision and Pattern Recognition, CVPR 2023, Vancouver, BC, Canada, June 17-24, 2023",,,15619--15629,10.1109/CVPR52729.2023.01499,https://doi.org/10.1109/CVPR52729.2023.01499,IEEE,,,,"dblp computer science bibliography, https://dblp.org",https://dblp.org/rec/conf/cvpr/AssranDMBVRLB23.bib,"Tue, 29 Aug 2023 01:00:00 +0200",,,,,,,A类,CVPR,,,,conference,,推荐国际学术会议
DBLP:conf/icassp/BalestrieroL23a,inproceedings,Police: Provably Optimal Linear Constraint Enforcement For Deep Neural Networks,Randall Balestriero; Yann LeCun,2023,,"IEEE International Conference on Acoustics, Speech and Signal Processing ICASSP 2023, Rhodes Island, Greece, June 4-10, 2023",,,1--5,10.1109/ICASSP49357.2023.10096520,https://doi.org/10.1109/ICASSP49357.2023.10096520,IEEE,,,,"dblp computer science bibliography, https://dblp.org",https://dblp.org/rec/conf/icassp/BalestrieroL23a.bib,"Sun, 05 Nov 2023 00:00:00 +0100",,,,,,,B类,ICASSP,,,,conference,,推荐国际学术会议
DBLP:conf/iccv/CabannesBLB23,inproceedings,Active Self-Supervised Learning: A Few Low-Cost Relationships Are All You Need,Vivien Cabannes; Léon Bottou; Yann LeCun; Randall Balestriero,2023,,"IEEE/CVF International Conference on Computer Vision, ICCV 2023, Paris, France, October 1-6, 2023",,,16228--16237,10.1109/ICCV51070.2023.01491,https://doi.org/10.1109/ICCV51070.2023.01491,IEEE,,,,"dblp computer science bibliography, https://dblp.org",https://dblp.org/rec/conf/iccv/CabannesBLB23.bib,"Mon, 22 Jan 2024 00:00:00 +0100",,,,,,,A类,ICCV,,,,conference,,推荐国际学术会议
DBLP:conf/icml/CabannesKBLB23,inproceedings,"The SSL Interplay: Augmentations, Inductive Bias, and Generalization",Vivien Cabannes; Bobak Toussi Kiani; Randall Balestriero; Yann LeCun; Alberto Bietti,2023,,"International Conference on Machine Learning, ICML 2023, 23-29 July 2023, Honolulu, Hawaii, USA",202,,3252--3298,,https://proceedings.mlr.press/v202/cabannes23a.html,PMLR,Andreas Krause; Emma Brunskill; Kyunghyun Cho; Barbara Engelhardt; Sivan Sabato; Jonathan Scarlett,,,"dblp computer science bibliography, https://dblp.org",https://dblp.org/rec/conf/icml/CabannesKBLB23.bib,"Mon, 28 Aug 2023 17:23:08 +0200",,,Proceedings of Machine Learning Research,,,,A类,ICML,,,,conference,,推荐国际学术会议
DBLP:conf/icml/GarridoBNL23,inproceedings,RankMe: Assessing the Downstream Performance of Pretrained Self-Supervised Representations by Their Rank,Quentin Garrido; Randall Balestriero; Laurent Najman; Yann LeCun,2023,,"International Conference on Machine Learning, ICML 2023, 23-29 July 2023, Honolulu, Hawaii, USA",202,,10929--10974,,https://proceedings.mlr.press/v202/garrido23a.html,PMLR,Andreas Krause; Emma Brunskill; Kyunghyun Cho; Barbara Engelhardt; Sivan Sabato; Jonathan Scarlett,,,"dblp computer science bibliography, https://dblp.org",https://dblp.org/rec/conf/icml/GarridoBNL23.bib,"Mon, 28 Aug 2023 01:00:00 +0200",,,Proceedings of Machine Learning Research,,,,A类,ICML,,,,conference,,推荐国际学术会议
DBLP:conf/icml/GarridoNL23,inproceedings,Self-supervised learning of Split Invariant Equivariant representations,Quentin Garrido; Laurent Najman; Yann LeCun,2023,,"International Conference on Machine Learning, ICML 2023, 23-29 July 2023, Honolulu, Hawaii, USA",202,,10975--10996,,https://proceedings.mlr.press/v202/garrido23b.html,PMLR,Andreas Krause; Emma Brunskill; Kyunghyun Cho; Barbara Engelhardt; Sivan Sabato; Jonathan Scarlett,,,"dblp computer science bibliography, https://dblp.org",https://dblp.org/rec/conf/icml/GarridoNL23.bib,"Mon, 28 Aug 2023 01:00:00 +0200",,,Proceedings of Machine Learning Research,,,,A类,ICML,,,,conference,,推荐国际学术会议
DBLP:conf/icml/HeH0PLB23,inproceedings,A Generalization of ViT/MLP-Mixer to Graphs,Xiaoxin He; Bryan Hooi; Thomas Laurent; Adam Perold; Yann LeCun; Xavier Bresson,2023,,"International Conference on Machine Learning, ICML 2023, 23-29 July 2023, Honolulu, Hawaii, USA",202,,12724--12745,,https://proceedings.mlr.press/v202/he23a.html,PMLR,Andreas Krause; Emma Brunskill; Kyunghyun Cho; Barbara Engelhardt; Sivan Sabato; Jonathan Scarlett,,,"dblp computer science bibliography, https://dblp.org",https://dblp.org/rec/conf/icml/HeH0PLB23.bib,"Mon, 28 Aug 2023 01:00:00 +0200",,,Proceedings of Machine Learning Research,,,,A类,ICML,,,,conference,,推荐国际学术会议
DBLP:conf/nips/Ben-ShaulSGDL23,inproceedings,Reverse Engineering Self-Supervised Learning,Ido Ben-Shaul; Ravid Shwartz-Ziv; Tomer Galanti; Shai Dekel; Yann LeCun,2023,,"Advances in Neural Information Processing Systems 36: Annual Conference on Neural Information Processing Systems 2023, NeurIPS 2023, New Orleans, LA, USA, December 10 - 16, 2023",,,,,http://papers.nips.cc/paper_files/paper/2023/hash/b63ad8c24354b0e5bcb7aea16490beab-Abstract-Conference.html,,Alice Oh; Tristan Naumann; Amir Globerson; Kate Saenko; Moritz Hardt; Sergey Levine,,,"dblp computer science bibliography, https://dblp.org",https://dblp.org/rec/conf/nips/Ben-ShaulSGDL23.bib,"Fri, 01 Mar 2024 00:00:00 +0100",,,,,,,A类,NeurIPS,,,,conference,,推荐国际学术会议
DBLP:conf/nips/MialonGLRLK23,inproceedings,Self-Supervised Learning with Lie Symmetries for Partial Differential Equations,Grégoire Mialon; Quentin Garrido; Hannah Lawrence; Danyal Rehman; Yann LeCun; Bobak T. Kiani,2023,,"Advances in Neural Information Processing Systems 36: Annual Conference on Neural Information Processing Systems 2023, NeurIPS 2023, New Orleans, LA, USA, December 10 - 16, 2023",,,,,http://papers.nips.cc/paper_files/paper/2023/hash/5c46ae130105fa012da0446126c01d1d-Abstract-Conference.html,,Alice Oh; Tristan Naumann; Amir Globerson; Kate Saenko; Moritz Hardt; Sergey Levine,,,"dblp computer science bibliography, https://dblp.org",https://dblp.org/rec/conf/nips/MialonGLRLK23.bib,"Fri, 01 Mar 2024 00:00:00 +0100",,,,,,,A类,NeurIPS,,,,conference,,推荐国际学术会议
DBLP:conf/nips/Shwartz-ZivBKRL23,inproceedings,An Information Theory Perspective on Variance-Invariance-Covariance Regularization,Ravid Shwartz-Ziv; Randall Balestriero; Kenji Kawaguchi; Tim G. J. Rudner; Yann LeCun,2023,,"Advances in Neural Information Processing Systems 36: Annual Conference on Neural Information Processing Systems 2023, NeurIPS 2023, New Orleans, LA, USA, December 10 - 16, 2023",,,,,http://papers.nips.cc/paper_files/paper/2023/hash/6b1d4c03391b0aa6ddde0b807a78c950-Abstract-Conference.html,,Alice Oh; Tristan Naumann; Amir Globerson; Kate Saenko; Moritz Hardt; Sergey Levine,,,"dblp computer science bibliography, https://dblp.org",https://dblp.org/rec/conf/nips/Shwartz-ZivBKRL23.bib,"Fri, 01 Mar 2024 00:00:00 +0100",,,,,,,A类,NeurIPS,,,,conference,,推荐国际学术会议
DBLP:journals/nn/MatsuoLSPSSUM22,article,"Deep learning, reinforcement learning, and world models",Yutaka Matsuo; Yann LeCun; Maneesh Sahani; Doina Precup; David Silver; Masashi Sugiyama; Eiji Uchibe; Jun Morimoto,2022,Neural Networks,,152,,267--275,10.1016/J.NEUNET.2022.03.037,https://doi.org/10.1016/j.neunet.2022.03.037,,,,,"dblp computer science bibliography, https://dblp.org",https://dblp.org/rec/journals/nn/MatsuoLSPSSUM22.bib,"Mon, 28 Aug 2023 01:00:00 +0200",,,,,,,B类,,2区,是,NEURAL NETWORKS,journal,计算机科学,推荐国际学术刊物
DBLP:conf/eccv/YehHHLCL22,inproceedings,Decoupled Contrastive Learning,Chun-Hsiao Yeh; Cheng-Yao Hong; Yen-Chi Hsu; Tyng-Luh Liu; Yubei Chen; Yann LeCun,2022,,"Computer Vision - ECCV 2022 - 17th European Conference, Tel Aviv, Israel, October 23-27, 2022, Proceedings, Part XXVI",13686,,668--684,10.1007/978-3-031-19809-0_38,https://doi.org/10.1007/978-3-031-19809-0_38,Springer,Shai Avidan; Gabriel J. Brostow; Moustapha Cissé; Giovanni Maria Farinella; Tal Hassner,,,"dblp computer science bibliography, https://dblp.org",https://dblp.org/rec/conf/eccv/YehHHLCL22.bib,"Thu, 03 Nov 2022 14:02:39 +0100",,,Lecture Notes in Computer Science,,,,B类,ECCV,,,,conference,,推荐国际学术会议
DBLP:conf/nips/BalestrieroBL22,inproceedings,The Effects of Regularization and Data Augmentation are Class Dependent,Randall Balestriero; Léon Bottou; Yann LeCun,2022,,"Advances in Neural Information Processing Systems 35: Annual Conference on Neural Information Processing Systems 2022, NeurIPS 2022, New Orleans, LA, USA, November 28 - December 9, 2022",,,,,http://papers.nips.cc/paper_files/paper/2022/hash/f73c04538a5e1cad40ba5586b4b517d3-Abstract-Conference.html,,Sanmi Koyejo; S. Mohamed; A. Agarwal; Danielle Belgrave; K. Cho; A. Oh,,,"dblp computer science bibliography, https://dblp.org",https://dblp.org/rec/conf/nips/BalestrieroBL22.bib,"Mon, 08 Jan 2024 00:00:00 +0100",,,,,,,A类,NeurIPS,,,,conference,,推荐国际学术会议
DBLP:conf/nips/BalestrieroL22,inproceedings,Contrastive and Non-Contrastive Self-Supervised Learning Recover Global and Local Spectral Embedding Methods,Randall Balestriero; Yann LeCun,2022,,"Advances in Neural Information Processing Systems 35: Annual Conference on Neural Information Processing Systems 2022, NeurIPS 2022, New Orleans, LA, USA, November 28 - December 9, 2022",,,,,http://papers.nips.cc/paper_files/paper/2022/hash/aa56c74513a5e35768a11f4e82dd7ffb-Abstract-Conference.html,,Sanmi Koyejo; S. Mohamed; A. Agarwal; Danielle Belgrave; K. Cho; A. Oh,,,"dblp computer science bibliography, https://dblp.org",https://dblp.org/rec/conf/nips/BalestrieroL22.bib,"Mon, 08 Jan 2024 00:00:00 +0100",,,,,,,A类,NeurIPS,,,,conference,,推荐国际学术会议
DBLP:conf/nips/BalestrieroML22,inproceedings,A Data-Augmentation Is Worth A Thousand Samples: Analytical Moments And Sampling-Free Training,Randall Balestriero; Ishan Misra; Yann LeCun,2022,,"Advances in Neural Information Processing Systems 35: Annual Conference on Neural Information Processing Systems 2022, NeurIPS 2022, New Orleans, LA, USA, November 28 - December 9, 2022",,,,,http://papers.nips.cc/paper_files/paper/2022/hash/7c080cab957edab671ac49ae11e51337-Abstract-Conference.html,,Sanmi Koyejo; S. Mohamed; A. Agarwal; Danielle Belgrave; K. Cho; A. Oh,,,"dblp computer science bibliography, https://dblp.org",https://dblp.org/rec/conf/nips/BalestrieroML22.bib,"Mon, 08 Jan 2024 00:00:00 +0100",,,,,,,A类,NeurIPS,,,,conference,,推荐国际学术会议
DBLP:conf/nips/BardesPL22,inproceedings,VICRegL: Self-Supervised Learning of Local Visual Features,Adrien Bardes; Jean Ponce; Yann LeCun,2022,,"Advances in Neural Information Processing Systems 35: Annual Conference on Neural Information Processing Systems 2022, NeurIPS 2022, New Orleans, LA, USA, November 28 - December 9, 2022",,,,,http://papers.nips.cc/paper_files/paper/2022/hash/39cee562b91611c16ac0b100f0bc1ea1-Abstract-Conference.html,,Sanmi Koyejo; S. Mohamed; A. Agarwal; Danielle Belgrave; K. Cho; A. Oh,,,"dblp computer science bibliography, https://dblp.org",https://dblp.org/rec/conf/nips/BardesPL22.bib,"Mon, 08 Jan 2024 00:00:00 +0100",,,,,,,A类,NeurIPS,,,,conference,,推荐国际学术会议
DBLP:conf/nips/DouKGZWL00LPGW22,inproceedings,Coarse-to-Fine Vision-Language Pre-training with Fusion in the Backbone,Zi-Yi Dou; Aishwarya Kamath; Zhe Gan; Pengchuan Zhang; Jianfeng Wang; Linjie Li; Zicheng Liu; Ce Liu; Yann LeCun; Nanyun Peng; Jianfeng Gao; Lijuan Wang,2022,,"Advances in Neural Information Processing Systems 35: Annual Conference on Neural Information Processing Systems 2022, NeurIPS 2022, New Orleans, LA, USA, November 28 - December 9, 2022",,,,,http://papers.nips.cc/paper_files/paper/2022/hash/d4b6ccf3acd6ccbc1093e093df345ba2-Abstract-Conference.html,,Sanmi Koyejo; S. Mohamed; A. Agarwal; Danielle Belgrave; K. Cho; A. Oh,,,"dblp computer science bibliography, https://dblp.org",https://dblp.org/rec/conf/nips/DouKGZWL00LPGW22.bib,"Sat, 14 Dec 2024 00:00:00 +0100",,,,,,,A类,NeurIPS,,,,conference,,推荐国际学术会议
DBLP:conf/nips/KianiBLL22,inproceedings,projUNN: efficient method for training deep networks with unitary matrices,Bobak Toussi Kiani; Randall Balestriero; Yann LeCun; Seth Lloyd,2022,,"Advances in Neural Information Processing Systems 35: Annual Conference on Neural Information Processing Systems 2022, NeurIPS 2022, New Orleans, LA, USA, November 28 - December 9, 2022",,,,,http://papers.nips.cc/paper_files/paper/2022/hash/5d1a0188e18c1d74a0f8d6eb5ecede4f-Abstract-Conference.html,,Sanmi Koyejo; S. Mohamed; A. Agarwal; Danielle Belgrave; K. Cho; A. Oh,,,"dblp computer science bibliography, https://dblp.org",https://dblp.org/rec/conf/nips/KianiBLL22.bib,"Mon, 08 Jan 2024 00:00:00 +0100",,,,,,,A类,NeurIPS,,,,conference,,推荐国际学术会议
DBLP:conf/nips/Shwartz-ZivGSKZ22,inproceedings,Pre-Train Your Loss: Easy Bayesian Transfer Learning with Informative Priors,Ravid Shwartz-Ziv; Micah Goldblum; Hossein Souri; Sanyam Kapoor; Chen Zhu; Yann LeCun; Andrew Gordon Wilson,2022,,"Advances in Neural Information Processing Systems 35: Annual Conference on Neural Information Processing Systems 2022, NeurIPS 2022, New Orleans, LA, USA, November 28 - December 9, 2022",,,,,http://papers.nips.cc/paper_files/paper/2022/hash/b1e7f61f40d68b2177857bfcb195a507-Abstract-Conference.html,,Sanmi Koyejo; S. Mohamed; A. Agarwal; Danielle Belgrave; K. Cho; A. Oh,,,"dblp computer science bibliography, https://dblp.org",https://dblp.org/rec/conf/nips/Shwartz-ZivGSKZ22.bib,"Mon, 08 Jan 2024 00:00:00 +0100",,,,,,,A类,NeurIPS,,,,conference,,推荐国际学术会议
DBLP:journals/tip/RoziereRTRLC21,article,Inspirational Adversarial Image Generation,Baptiste Rozière; Morgane Rivière; Olivier Teytaud; Jérémy Rapin; Yann LeCun; Camille Couprie,2021,IEEE Trans. Image Process.,,30,,4036--4045,10.1109/TIP.2021.3065845,https://doi.org/10.1109/TIP.2021.3065845,,,,,"dblp computer science bibliography, https://dblp.org",https://dblp.org/rec/journals/tip/RoziereRTRLC21.bib,"Thu, 29 Apr 2021 01:00:00 +0200",,,,,,,A类,TIP,1区,是,IEEE TRANSACTIONS ON IMAGE PROCESSING,journal,计算机科学,推荐国际学术刊物
DBLP:conf/iccv/KamathSLSMC21,inproceedings,MDETR - Modulated Detection for End-to-End Multi-Modal Understanding,Aishwarya Kamath; Mannat Singh; Yann LeCun; Gabriel Synnaeve; Ishan Misra; Nicolas Carion,2021,,"2021 IEEE/CVF International Conference on Computer Vision, ICCV 2021, Montreal, QC, Canada, October 10-17, 2021",,,1760--1770,10.1109/ICCV48922.2021.00180,https://doi.org/10.1109/ICCV48922.2021.00180,IEEE,,,,"dblp computer science bibliography, https://dblp.org",https://dblp.org/rec/conf/iccv/KamathSLSMC21.bib,"Fri, 11 Mar 2022 10:01:27 +0100",,,,,,,A类,ICCV,,,,conference,,推荐国际学术会议
DBLP:conf/icml/ZbontarJMLD21,inproceedings,Barlow Twins: Self-Supervised Learning via Redundancy Reduction,Jure Zbontar; Li Jing; Ishan Misra; Yann LeCun; Stéphane Deny,2021,,"Proceedings of the 38th International Conference on Machine Learning, ICML 2021, 18-24 July 2021, Virtual Event",139,,12310--12320,,http://proceedings.mlr.press/v139/zbontar21a.html,PMLR,Marina Meila; Tong Zhang,,,"dblp computer science bibliography, https://dblp.org",https://dblp.org/rec/conf/icml/ZbontarJMLD21.bib,"Thu, 01 Jun 2023 01:00:00 +0200",,,Proceedings of Machine Learning Research,,,,A类,ICML,,,,conference,,推荐国际学术会议
DBLP:conf/nips/JingZL20,inproceedings,Implicit Rank-Minimizing Autoencoder,Li Jing; Jure Zbontar; Yann LeCun,2020,,"Advances in Neural Information Processing Systems 33: Annual Conference on Neural Information Processing Systems 2020, NeurIPS 2020, December 6-12, 2020, virtual",,,,,https://proceedings.neurips.cc/paper/2020/hash/a9078e8653368c9c291ae2f8b74012e7-Abstract.html,,Hugo Larochelle; Marc'Aurelio Ranzato; Raia Hadsell; Maria-Florina Balcan; Hsuan-Tien Lin,,,"dblp computer science bibliography, https://dblp.org",https://dblp.org/rec/conf/nips/JingZL20.bib,"Thu, 01 Jun 2023 01:00:00 +0200",,,,,,,A类,NeurIPS,,,,conference,,推荐国际学术会议
DBLP:conf/cvpr/VoBCHLPP19,inproceedings,Unsupervised Image Matching and Object Discovery as Optimization,Huy V. Vo; Francis R. Bach; Minsu Cho; Kai Han; Yann LeCun; Patrick Pérez; Jean Ponce,2019,,"IEEE Conference on Computer Vision and Pattern Recognition, CVPR 2019, Long Beach, CA, USA, June 16-20, 2019",,,8287--8296,10.1109/CVPR.2019.00848,http://openaccess.thecvf.com/content_CVPR_2019/html/Vo_Unsupervised_Image_Matching_and_Object_Discovery_as_Optimization_CVPR_2019_paper.html,Computer Vision Foundation / IEEE,,,,"dblp computer science bibliography, https://dblp.org",https://dblp.org/rec/conf/cvpr/VoBCHLPP19.bib,"Mon, 30 Aug 2021 17:01:14 +0200",,,,,,,A类,CVPR,,,,conference,,推荐国际学术会议
DBLP:conf/cvpr/TranWTRLP18,inproceedings,A Closer Look at Spatiotemporal Convolutions for Action Recognition,Du Tran; Heng Wang; Lorenzo Torresani; Jamie Ray; Yann LeCun; Manohar Paluri,2018,,"2018 IEEE Conference on Computer Vision and Pattern Recognition, CVPR 2018, Salt Lake City, UT, USA, June 18-22, 2018",,,6450--6459,10.1109/CVPR.2018.00675,http://openaccess.thecvf.com/content_cvpr_2018/html/Tran_A_Closer_Look_CVPR_2018_paper.html,Computer Vision Foundation / IEEE Computer Society,,,,"dblp computer science bibliography, https://dblp.org",https://dblp.org/rec/conf/cvpr/TranWTRLP18.bib,"Fri, 24 Mar 2023 00:00:00 +0100",,,,,,,A类,CVPR,,,,conference,,推荐国际学术会议
DBLP:conf/eccv/SbaiEBLC18,inproceedings,DesIGN: Design Inspiration from Generative Networks,Othman Sbai; Mohamed Elhoseiny; Antoine Bordes; Yann LeCun; Camille Couprie,2018,,"Computer Vision - ECCV 2018 Workshops - Munich, Germany, September 8-14, 2018, Proceedings, Part III",11131,,37--44,10.1007/978-3-030-11015-4_5,https://doi.org/10.1007/978-3-030-11015-4_5,Springer,Laura Leal-Taixé; Stefan Roth,,,"dblp computer science bibliography, https://dblp.org",https://dblp.org/rec/conf/eccv/SbaiEBLC18.bib,"Tue, 14 May 2019 10:00:45 +0200",,,Lecture Notes in Computer Science,,,,B类,ECCV,,,,conference,,推荐国际学术会议
DBLP:conf/eccv/LucCLV18,inproceedings,Predicting Future Instance Segmentation by Forecasting Convolutional Features,Pauline Luc; Camille Couprie; Yann LeCun; Jakob Verbeek,2018,,"Computer Vision - ECCV 2018 - 15th European Conference, Munich, Germany, September 8-14, 2018, Proceedings, Part IX",11213,,593--608,10.1007/978-3-030-01240-3_36,https://doi.org/10.1007/978-3-030-01240-3_36,Springer,Vittorio Ferrari; Martial Hebert; Cristian Sminchisescu; Yair Weiss,,,"dblp computer science bibliography, https://dblp.org",https://dblp.org/rec/conf/eccv/LucCLV18.bib,"Tue, 14 May 2019 10:00:45 +0200",,,Lecture Notes in Computer Science,,,,B类,ECCV,,,,conference,,推荐国际学术会议
DBLP:conf/icml/Baity-JesiSGSAC18,inproceedings,Comparing Dynamics: Deep Neural Networks versus Glassy Systems,Marco Baity-Jesi; Levent Sagun; Mario Geiger; Stefano Spigler; Gérard Ben Arous; Chiara Cammarota; Yann LeCun; Matthieu Wyart; Giulio Biroli,2018,,"Proceedings of the 35th International Conference on Machine Learning, ICML 2018, Stockholmsmässan, Stockholm, Sweden, July 10-15, 2018",80,,324--333,,http://proceedings.mlr.press/v80/baity-jesi18a.html,PMLR,Jennifer G. Dy; Andreas Krause,,,"dblp computer science bibliography, https://dblp.org",https://dblp.org/rec/conf/icml/Baity-JesiSGSAC18.bib,"Wed, 03 Apr 2019 18:17:30 +0200",,,Proceedings of Machine Learning Research,,,,A类,ICML,,,,conference,,推荐国际学术会议
DBLP:conf/icml/ZhaoKZRL18,inproceedings,Adversarially Regularized Autoencoders,Junbo Jake Zhao; Yoon Kim; Kelly Zhang; Alexander M. Rush; Yann LeCun,2018,,"Proceedings of the 35th International Conference on Machine Learning, ICML 2018, Stockholmsmässan, Stockholm, Sweden, July 10-15, 2018",80,,5897--5906,,http://proceedings.mlr.press/v80/zhao18b.html,PMLR,Jennifer G. Dy; Andreas Krause,,,"dblp computer science bibliography, https://dblp.org",https://dblp.org/rec/conf/icml/ZhaoKZRL18.bib,"Sat, 09 Apr 2022 01:00:00 +0200",,,Proceedings of Machine Learning Research,,,,A类,ICML,,,,conference,,推荐国际学术会议
DBLP:conf/nips/YangZDHCSL18,inproceedings,GLoMo: Unsupervised Learning of Transferable Relational Graphs,Zhilin Yang; Junbo Jake Zhao; Bhuwan Dhingra; Kaiming He; William W. Cohen; Ruslan Salakhutdinov; Yann LeCun,2018,,"Advances in Neural Information Processing Systems 31: Annual Conference on Neural Information Processing Systems 2018, NeurIPS 2018, December 3-8, 2018, Montréal, Canada",,,8964--8975,,https://proceedings.neurips.cc/paper/2018/hash/5dbc8390f17e019d300d5a162c3ce3bc-Abstract.html,,Samy Bengio; Hanna M. Wallach; Hugo Larochelle; Kristen Grauman; Nicolò Cesa-Bianchi; Roman Garnett,,,"dblp computer science bibliography, https://dblp.org",https://dblp.org/rec/conf/nips/YangZDHCSL18.bib,"Mon, 12 May 2025 01:00:00 +0200",,,,,,,A类,NeurIPS,,,,conference,,推荐国际学术会议
DBLP:journals/spm/BronsteinBLSV17,article,Geometric Deep Learning: Going beyond Euclidean data,Michael M. Bronstein; Joan Bruna; Yann LeCun; Arthur Szlam; Pierre Vandergheynst,2017,IEEE Signal Process. Mag.,,34,4,18--42,10.1109/MSP.2017.2693418,https://doi.org/10.1109/MSP.2017.2693418,,,,,"dblp computer science bibliography, https://dblp.org",https://dblp.org/rec/journals/spm/BronsteinBLSV17.bib,"Mon, 26 Jun 2023 01:00:00 +0200",,,,,,,,,2区,否,IEEE SIGNAL PROCESSING MAGAZINE,journal,工程技术,
DBLP:conf/aaai/ZhangL17,inproceedings,Universum Prescription: Regularization Using Unlabeled Data,Xiang Zhang; Yann LeCun,2017,,"Proceedings of the Thirty-First AAAI Conference on Artificial Intelligence, February 4-9, 2017, San Francisco, California, USA",,,2907--2913,10.1609/AAAI.V31I1.10768,https://doi.org/10.1609/aaai.v31i1.10768,AAAI Press,Satinder Singh; Shaul Markovitch,,,"dblp computer science bibliography, https://dblp.org",https://dblp.org/rec/conf/aaai/ZhangL17.bib,"Mon, 04 Sep 2023 14:40:32 +0200",,,,,,,A类,AAAI,,,,conference,,推荐国际学术会议
DBLP:conf/iccv/LucNCVL17,inproceedings,Predicting Deeper into the Future of Semantic Segmentation,Pauline Luc; Natalia Neverova; Camille Couprie; Jakob Verbeek; Yann LeCun,2017,,"IEEE International Conference on Computer Vision, ICCV 2017, Venice, Italy, October 22-29, 2017",,,648--657,10.1109/ICCV.2017.77,https://doi.org/10.1109/ICCV.2017.77,IEEE Computer Society,,,,"dblp computer science bibliography, https://dblp.org",https://dblp.org/rec/conf/iccv/LucNCVL17.bib,"Thu, 23 Mar 2023 00:00:00 +0100",,,,,,,A类,ICCV,,,,conference,,推荐国际学术会议
DBLP:conf/icml/JingSDPSLTS17,inproceedings,Tunable Efficient Unitary Neural Networks (EUNN) and their application to RNNs,Li Jing; Yichen Shen; Tena Dubcek; John Peurifoy; Scott A. Skirlo; Yann LeCun; Max Tegmark; Marin Soljacic,2017,,"Proceedings of the 34th International Conference on Machine Learning, ICML 2017, Sydney, NSW, Australia, 6-11 August 2017",70,,1733--1741,,http://proceedings.mlr.press/v70/jing17a.html,PMLR,Doina Precup; Yee Whye Teh,,,"dblp computer science bibliography, https://dblp.org",https://dblp.org/rec/conf/icml/JingSDPSLTS17.bib,"Thu, 24 Apr 2025 01:00:00 +0200",,,Proceedings of Machine Learning Research,,,,A类,ICML,,,,conference,,推荐国际学术会议
DBLP:journals/jmlr/ZbontarL16,article,Stereo Matching by Training a Convolutional Neural Network to Compare Image Patches,Jure Zbontar; Yann LeCun,2016,J. Mach. Learn. Res.,,17,,65:1--65:32,,https://jmlr.org/papers/v17/15-535.html,,,,,"dblp computer science bibliography, https://dblp.org",https://dblp.org/rec/journals/jmlr/ZbontarL16.bib,"Wed, 11 Sep 2024 01:00:00 +0200",,,,,,,A类,JMLR,4区,否,JOURNAL OF MACHINE LEARNING RESEARCH,journal,计算机科学,推荐国际学术刊物
DBLP:journals/neco/TygertBCLPS16,article,A Mathematical Motivation for Complex-Valued Convolutional Networks,Mark Tygert; Joan Bruna; Soumith Chintala; Yann LeCun; Serkan Piantino; Arthur Szlam,2016,Neural Comput.,,28,5,815--825,10.1162/NECO_A_00824,https://doi.org/10.1162/NECO_a_00824,,,,,"dblp computer science bibliography, https://dblp.org",https://dblp.org/rec/journals/neco/TygertBCLPS16.bib,"Tue, 01 Sep 2020 01:00:00 +0200",,,,,,,B类,,4区,否,NEURAL COMPUTATION,journal,计算机科学,推荐国际学术刊物
DBLP:conf/icassp/SercuPKL16,inproceedings,Very deep multilingual convolutional neural networks for LVCSR,Tom Sercu; Christian Puhrsch; Brian Kingsbury; Yann LeCun,2016,,"2016 IEEE International Conference on Acoustics, Speech and Signal Processing, ICASSP 2016, Shanghai, China, March 20-25, 2016",,,4955--4959,10.1109/ICASSP.2016.7472620,https://doi.org/10.1109/ICASSP.2016.7472620,IEEE,,,,"dblp computer science bibliography, https://dblp.org",https://dblp.org/rec/conf/icassp/SercuPKL16.bib,"Wed, 16 Oct 2019 14:14:52 +0200",,,,,,,B类,ICASSP,,,,conference,,推荐国际学术会议
DBLP:conf/icml/ChoromanskaCBJK16,inproceedings,Binary embeddings with structured hashed projections,Anna Choromanska; Krzysztof Choromanski; Mariusz Bojarski; Tony Jebara; Sanjiv Kumar; Yann LeCun,2016,,"Proceedings of the 33nd International Conference on Machine Learning, ICML 2016, New York City, NY, USA, June 19-24, 2016",48,,344--353,,http://proceedings.mlr.press/v48/choromanska16.html,JMLR.org,Maria-Florina Balcan; Kilian Q. Weinberger,,,"dblp computer science bibliography, https://dblp.org",https://dblp.org/rec/conf/icml/ChoromanskaCBJK16.bib,"Wed, 29 May 2019 08:41:46 +0200",,,JMLR Workshop and Conference Proceedings,,,,A类,ICML,,,,conference,,推荐国际学术会议
DBLP:conf/icml/HenaffSL16,inproceedings,Recurrent Orthogonal Networks and Long-Memory Tasks,Mikael Henaff; Arthur Szlam; Yann LeCun,2016,,"Proceedings of the 33nd International Conference on Machine Learning, ICML 2016, New York City, NY, USA, June 19-24, 2016",48,,2034--2042,,http://proceedings.mlr.press/v48/henaff16.html,JMLR.org,Maria-Florina Balcan; Kilian Q. Weinberger,,,"dblp computer science bibliography, https://dblp.org",https://dblp.org/rec/conf/icml/HenaffSL16.bib,"Wed, 29 May 2019 01:00:00 +0200",,,JMLR Workshop and Conference Proceedings,,,,A类,ICML,,,,conference,,推荐国际学术会议
DBLP:conf/nips/MathieuZZRSL16,inproceedings,Disentangling factors of variation in deep representation using adversarial training,Michaël Mathieu; Junbo Jake Zhao; Pablo Sprechmann; Aditya Ramesh; Yann LeCun,2016,,"Advances in Neural Information Processing Systems 29: Annual Conference on Neural Information Processing Systems 2016, December 5-10, 2016, Barcelona, Spain",,,5041--5049,,https://proceedings.neurips.cc/paper/2016/hash/ef0917ea498b1665ad6c701057155abe-Abstract.html,,Daniel D. Lee; Masashi Sugiyama; Ulrike von Luxburg; Isabelle Guyon; Roman Garnett,,,"dblp computer science bibliography, https://dblp.org",https://dblp.org/rec/conf/nips/MathieuZZRSL16.bib,"Mon, 16 May 2022 15:41:51 +0200",,,,,,,A类,NeurIPS,,,,conference,,推荐国际学术会议
DBLP:journals/ijcv/RanzatoHL15,article,Guest Editorial: Deep Learning,Marc'Aurelio Ranzato; Geoffrey E. Hinton; Yann LeCun,2015,Int. J. Comput. Vis.,,113,1,1--2,10.1007/S11263-015-0813-1,https://doi.org/10.1007/s11263-015-0813-1,,,,,"dblp computer science bibliography, https://dblp.org",https://dblp.org/rec/journals/ijcv/RanzatoHL15.bib,"Fri, 13 Mar 2020 00:00:00 +0100",,,,,,,A类,IJCV,2区,否,INTERNATIONAL JOURNAL OF COMPUTER VISION,journal,计算机科学,推荐国际学术刊物
DBLP:journals/nature/LeCunBH15,article,Deep learning,Yann LeCun; Yoshua Bengio; Geoffrey E. Hinton,2015,Nat.,,521,7553,436--444,10.1038/NATURE14539,https://doi.org/10.1038/nature14539,,,,,"dblp computer science bibliography, https://dblp.org",https://dblp.org/rec/journals/nature/LeCunBH15.bib,"Mon, 08 Jun 2020 01:00:00 +0200",,,,,,,,,1区,是,NATURE,journal,综合性期刊,
DBLP:conf/colt/ChoromanskaLA15,inproceedings,Open Problem: The landscape of the loss surfaces of multilayer networks,Anna Choromanska; Yann LeCun; Gérard Ben Arous,2015,,"Proceedings of The 28th Conference on Learning Theory, COLT 2015, Paris, France, July 3-6, 2015",40,,1756--1760,,http://proceedings.mlr.press/v40/Choromanska15.html,JMLR.org,Peter Grünwald; Elad Hazan; Satyen Kale,,,"dblp computer science bibliography, https://dblp.org",https://dblp.org/rec/conf/colt/ChoromanskaLA15.bib,"Wed, 29 May 2019 08:41:46 +0200",,,JMLR Workshop and Conference Proceedings,,,,B类,COLT,,,,conference,,推荐国际学术会议
DBLP:conf/cvpr/TompsonGJLB15,inproceedings,Efficient object localization using Convolutional Networks,Jonathan Tompson; Ross Goroshin; Arjun Jain; Yann LeCun; Christoph Bregler,2015,,"IEEE Conference on Computer Vision and Pattern Recognition, CVPR 2015, Boston, MA, USA, June 7-12, 2015",,,648--656,10.1109/CVPR.2015.7298664,https://doi.org/10.1109/CVPR.2015.7298664,IEEE Computer Society,,,,"dblp computer science bibliography, https://dblp.org",https://dblp.org/rec/conf/cvpr/TompsonGJLB15.bib,"Fri, 24 Mar 2023 00:00:00 +0100",,,,,,,A类,CVPR,,,,conference,,推荐国际学术会议
DBLP:conf/cvpr/ZbontarL15,inproceedings,Computing the stereo matching cost with a convolutional neural network,Jure Zbontar; Yann LeCun,2015,,"IEEE Conference on Computer Vision and Pattern Recognition, CVPR 2015, Boston, MA, USA, June 7-12, 2015",,,1592--1599,10.1109/CVPR.2015.7298767,https://doi.org/10.1109/CVPR.2015.7298767,IEEE Computer Society,,,,"dblp computer science bibliography, https://dblp.org",https://dblp.org/rec/conf/cvpr/ZbontarL15.bib,"Fri, 24 Mar 2023 00:00:00 +0100",,,,,,,A类,CVPR,,,,conference,,推荐国际学术会议
DBLP:conf/hotchips/LeCun15,inproceedings,Deep learning & convolutional networks,Yann LeCun,2015,,"2015 IEEE Hot Chips 27 Symposium (HCS), Cupertino, CA, USA, August 22-25, 2015",,,1--95,10.1109/HOTCHIPS.2015.7477328,https://doi.ieeecomputersociety.org/10.1109/HOTCHIPS.2015.7477328,IEEE,,,,"dblp computer science bibliography, https://dblp.org",https://dblp.org/rec/conf/hotchips/LeCun15.bib,"Fri, 24 Mar 2023 00:00:00 +0100",,,,,,,B类,HOT CHIPS,,,,conference,,推荐国际学术会议
DBLP:conf/icassp/BrunaSL15,inproceedings,Source separation with scattering Non-Negative Matrix Factorization,Joan Bruna; Pablo Sprechmann; Yann LeCun,2015,,"2015 IEEE International Conference on Acoustics, Speech and Signal Processing, ICASSP 2015, South Brisbane, Queensland, Australia, April 19-24, 2015",,,1876--1880,10.1109/ICASSP.2015.7178296,https://doi.org/10.1109/ICASSP.2015.7178296,IEEE,,,,"dblp computer science bibliography, https://dblp.org",https://dblp.org/rec/conf/icassp/BrunaSL15.bib,"Wed, 16 Oct 2019 14:14:52 +0200",,,,,,,B类,ICASSP,,,,conference,,推荐国际学术会议
DBLP:conf/iccv/GoroshinBTEL15,inproceedings,Unsupervised Learning of Spatiotemporally Coherent Metrics,Ross Goroshin; Joan Bruna; Jonathan Tompson; David Eigen; Yann LeCun,2015,,"2015 IEEE International Conference on Computer Vision, ICCV 2015, Santiago, Chile, December 7-13, 2015",,,4086--4093,10.1109/ICCV.2015.465,https://doi.org/10.1109/ICCV.2015.465,IEEE Computer Society,,,,"dblp computer science bibliography, https://dblp.org",https://dblp.org/rec/conf/iccv/GoroshinBTEL15.bib,"Thu, 23 Mar 2023 00:00:00 +0100",,,,,,,A类,ICCV,,,,conference,,推荐国际学术会议
DBLP:conf/nips/ZhangZL15,inproceedings,Character-level Convolutional Networks for Text Classification,Xiang Zhang; Junbo Jake Zhao; Yann LeCun,2015,,"Advances in Neural Information Processing Systems 28: Annual Conference on Neural Information Processing Systems 2015, December 7-12, 2015, Montreal, Quebec, Canada",,,649--657,,https://proceedings.neurips.cc/paper/2015/hash/250cf8b51c773f3f8dc8b4be867a9a02-Abstract.html,,Corinna Cortes; Neil D. Lawrence; Daniel D. Lee; Masashi Sugiyama; Roman Garnett,,,"dblp computer science bibliography, https://dblp.org",https://dblp.org/rec/conf/nips/ZhangZL15.bib,"Mon, 16 May 2022 15:41:51 +0200",,,,,,,A类,NeurIPS,,,,conference,,推荐国际学术会议
DBLP:conf/nips/ZhangCL15,inproceedings,Deep learning with Elastic Averaging SGD,Sixin Zhang; Anna Choromanska; Yann LeCun,2015,,"Advances in Neural Information Processing Systems 28: Annual Conference on Neural Information Processing Systems 2015, December 7-12, 2015, Montreal, Quebec, Canada",,,685--693,,https://proceedings.neurips.cc/paper/2015/hash/d18f655c3fce66ca401d5f38b48c89af-Abstract.html,,Corinna Cortes; Neil D. Lawrence; Daniel D. Lee; Masashi Sugiyama; Roman Garnett,,,"dblp computer science bibliography, https://dblp.org",https://dblp.org/rec/conf/nips/ZhangCL15.bib,"Thu, 21 Jan 2021 00:00:00 +0100",,,,,,,A类,NeurIPS,,,,conference,,推荐国际学术会议
DBLP:conf/nips/GoroshinML15,inproceedings,Learning to Linearize Under Uncertainty,Ross Goroshin; Michaël Mathieu; Yann LeCun,2015,,"Advances in Neural Information Processing Systems 28: Annual Conference on Neural Information Processing Systems 2015, December 7-12, 2015, Montreal, Quebec, Canada",,,1234--1242,,https://proceedings.neurips.cc/paper/2015/hash/eefc9e10ebdc4a2333b42b2dbb8f27b6-Abstract.html,,Corinna Cortes; Neil D. Lawrence; Daniel D. Lee; Masashi Sugiyama; Roman Garnett,,,"dblp computer science bibliography, https://dblp.org",https://dblp.org/rec/conf/nips/GoroshinML15.bib,"Thu, 21 Jan 2021 00:00:00 +0100",,,,,,,A类,NeurIPS,,,,conference,,推荐国际学术会议
DBLP:journals/jmlr/CouprieFNL14,article,Convolutional nets and watershed cuts for real-time semantic Labeling of RGBD videos,Camille Couprie; Clément Farabet; Laurent Najman; Yann LeCun,2014,J. Mach. Learn. Res.,,15,1,3489--3511,10.5555/2627435.2697077,https://dl.acm.org/doi/10.5555/2627435.2697077,,,,,"dblp computer science bibliography, https://dblp.org",https://dblp.org/rec/journals/jmlr/CouprieFNL14.bib,"Thu, 02 Jun 2022 01:00:00 +0200",,,,,,,A类,JMLR,4区,否,JOURNAL OF MACHINE LEARNING RESEARCH,journal,计算机科学,推荐国际学术刊物
DBLP:journals/tog/TompsonSLP14,article,Real-Time Continuous Pose Recovery of Human Hands Using Convolutional Networks,Jonathan Tompson; Murphy Stein; Yann LeCun; Ken Perlin,2014,ACM Trans. Graph.,,33,5,169:1--169:10,10.1145/2629500,https://doi.org/10.1145/2629500,,,,,"dblp computer science bibliography, https://dblp.org",https://dblp.org/rec/journals/tog/TompsonSLP14.bib,"Tue, 06 Nov 2018 00:00:00 +0100",,,,,,,A类,TOG,1区,是,ACM TRANSACTIONS ON GRAPHICS,journal,计算机科学,推荐国际学术刊物
DBLP:conf/icml/EstrachSL14,inproceedings,Signal recovery from Pooling Representations,Joan Bruna Estrach; Arthur Szlam; Yann LeCun,2014,,"Proceedings of the 31th International Conference on Machine Learning, ICML 2014, Beijing, China, 21-26 June 2014",32,,307--315,,http://proceedings.mlr.press/v32/estrach14.html,JMLR.org,,,,"dblp computer science bibliography, https://dblp.org",https://dblp.org/rec/conf/icml/EstrachSL14.bib,"Wed, 29 May 2019 08:41:45 +0200",,,JMLR Workshop and Conference Proceedings,,,,A类,ICML,,,,conference,,推荐国际学术会议
DBLP:conf/nips/DentonZBLF14,inproceedings,Exploiting Linear Structure Within Convolutional Networks for Efficient Evaluation,Emily L. Denton; Wojciech Zaremba; Joan Bruna; Yann LeCun; Rob Fergus,2014,,"Advances in Neural Information Processing Systems 27: Annual Conference on Neural Information Processing Systems 2014, December 8-13 2014, Montreal, Quebec, Canada",,,1269--1277,,https://proceedings.neurips.cc/paper/2014/hash/2afe4567e1bf64d32a5527244d104cea-Abstract.html,,Zoubin Ghahramani; Max Welling; Corinna Cortes; Neil D. Lawrence; Kilian Q. Weinberger,,,"dblp computer science bibliography, https://dblp.org",https://dblp.org/rec/conf/nips/DentonZBLF14.bib,"Mon, 16 May 2022 15:41:51 +0200",,,,,,,A类,NeurIPS,,,,conference,,推荐国际学术会议
DBLP:conf/nips/TompsonJLB14,inproceedings,Joint Training of a Convolutional Network and a Graphical Model for Human Pose Estimation,Jonathan Tompson; Arjun Jain; Yann LeCun; Christoph Bregler,2014,,"Advances in Neural Information Processing Systems 27: Annual Conference on Neural Information Processing Systems 2014, December 8-13 2014, Montreal, Quebec, Canada",,,1799--1807,,https://proceedings.neurips.cc/paper/2014/hash/e744f91c29ec99f0e662c9177946c627-Abstract.html,,Zoubin Ghahramani; Max Welling; Corinna Cortes; Neil D. Lawrence; Kilian Q. Weinberger,,,"dblp computer science bibliography, https://dblp.org",https://dblp.org/rec/conf/nips/TompsonJLB14.bib,"Thu, 21 Jan 2021 00:00:00 +0100",,,,,,,A类,NeurIPS,,,,conference,,推荐国际学术会议
DBLP:journals/pami/FarabetCNL13,article,Learning Hierarchical Features for Scene Labeling,Clément Farabet; Camille Couprie; Laurent Najman; Yann LeCun,2013,IEEE Trans. Pattern Anal. Mach. Intell.,,35,8,1915--1929,10.1109/TPAMI.2012.231,https://doi.org/10.1109/TPAMI.2012.231,,,,,"dblp computer science bibliography, https://dblp.org",https://dblp.org/rec/journals/pami/FarabetCNL13.bib,"Wed, 14 Nov 2018 00:00:00 +0100",,,,,,,A类,TPAMI,1区,是,IEEE TRANSACTIONS ON PATTERN ANALYSIS AND MACHINE INTELLIGENCE,journal,计算机科学,推荐国际学术刊物
DBLP:conf/aaai/PickettKLM13,inproceedings,Preface,Marc Pickett; Benjamin Kuipers; Yann LeCun; Clayton T. Morrison,2013,,"Learning Rich Representations from Low-Level Sensors, Papers from the 2013 AAAI Workshop, Bellevue, Washington, USA, July 15, 2013",WS-13-12,,,,http://www.aaai.org/ocs/index.php/WS/AAAIW13/paper/view/7350,AAAI,,,,"dblp computer science bibliography, https://dblp.org",https://dblp.org/rec/conf/aaai/PickettKLM13.bib,"Tue, 05 Sep 2023 08:59:27 +0200",,,AAAI Technical Report,,,,A类,AAAI,,,,conference,,推荐国际学术会议
DBLP:conf/cvpr/SermanetKCL13,inproceedings,Pedestrian Detection with Unsupervised Multi-stage Feature Learning,Pierre Sermanet; Koray Kavukcuoglu; Soumith Chintala; Yann LeCun,2013,,"2013 IEEE Conference on Computer Vision and Pattern Recognition, Portland, OR, USA, June 23-28, 2013",,,3626--3633,10.1109/CVPR.2013.465,https://doi.org/10.1109/CVPR.2013.465,IEEE Computer Society,,,,"dblp computer science bibliography, https://dblp.org",https://dblp.org/rec/conf/cvpr/SermanetKCL13.bib,"Fri, 24 Mar 2023 00:00:00 +0100",,,,,,,A类,CVPR,,,,conference,,推荐国际学术会议
DBLP:conf/icml/SchaulZL13,inproceedings,No more pesky learning rates,Tom Schaul; Sixin Zhang; Yann LeCun,2013,,"Proceedings of the 30th International Conference on Machine Learning, ICML 2013, Atlanta, GA, USA, 16-21 June 2013",28,,343--351,,http://proceedings.mlr.press/v28/schaul13.html,JMLR.org,,,,"dblp computer science bibliography, https://dblp.org",https://dblp.org/rec/conf/icml/SchaulZL13.bib,"Wed, 29 May 2019 08:41:45 +0200",,,JMLR Workshop and Conference Proceedings,,,,A类,ICML,,,,conference,,推荐国际学术会议
DBLP:conf/icml/WanZZLF13,inproceedings,Regularization of Neural Networks using DropConnect,Li Wan; Matthew D. Zeiler; Sixin Zhang; Yann LeCun; Rob Fergus,2013,,"Proceedings of the 30th International Conference on Machine Learning, ICML 2013, Atlanta, GA, USA, 16-21 June 2013",28,,1058--1066,,http://proceedings.mlr.press/v28/wan13.html,JMLR.org,,,,"dblp computer science bibliography, https://dblp.org",https://dblp.org/rec/conf/icml/WanZZLF13.bib,"Sat, 24 Aug 2024 01:00:00 +0200",,,JMLR Workshop and Conference Proceedings,,,,A类,ICML,,,,conference,,推荐国际学术会议
DBLP:conf/eccv/SzlamGL12,inproceedings,Fast Approximations to Structured Sparse Coding and Applications to Object Classification,Arthur Szlam; Karol Gregor; Yann LeCun,2012,,"Computer Vision - ECCV 2012 - 12th European Conference on Computer Vision, Florence, Italy, October 7-13, 2012, Proceedings, Part V",7576,,200--213,10.1007/978-3-642-33715-4_15,https://doi.org/10.1007/978-3-642-33715-4_15,Springer,Andrew W. Fitzgibbon; Svetlana Lazebnik; Pietro Perona; Yoichi Sato; Cordelia Schmid,,,"dblp computer science bibliography, https://dblp.org",https://dblp.org/rec/conf/eccv/SzlamGL12.bib,"Thu, 27 Jul 2023 01:00:00 +0200",,,Lecture Notes in Computer Science,,,,B类,ECCV,,,,conference,,推荐国际学术会议
DBLP:conf/eccv/AlvarezGLL12,inproceedings,Road Scene Segmentation from a Single Image,José M. Álvarez; Theo Gevers; Yann LeCun; Antonio M. López,2012,,"Computer Vision - ECCV 2012 - 12th European Conference on Computer Vision, Florence, Italy, October 7-13, 2012, Proceedings, Part VII",7578,,376--389,10.1007/978-3-642-33786-4_28,https://doi.org/10.1007/978-3-642-33786-4_28,Springer,Andrew W. Fitzgibbon; Svetlana Lazebnik; Pietro Perona; Yoichi Sato; Cordelia Schmid,,,"dblp computer science bibliography, https://dblp.org",https://dblp.org/rec/conf/eccv/AlvarezGLL12.bib,"Thu, 27 Jul 2023 01:00:00 +0200",,,Lecture Notes in Computer Science,,,,B类,ECCV,,,,conference,,推荐国际学术会议
DBLP:conf/eccv/LeCun12,inproceedings,Learning Invariant Feature Hierarchies,Yann LeCun,2012,,"Computer Vision - ECCV 2012. Workshops and Demonstrations - Florence, Italy, October 7-13, 2012, Proceedings, Part I",7583,,496--505,10.1007/978-3-642-33863-2_51,https://doi.org/10.1007/978-3-642-33863-2_51,Springer,Andrea Fusiello; Vittorio Murino; Rita Cucchiara,,,"dblp computer science bibliography, https://dblp.org",https://dblp.org/rec/conf/eccv/LeCun12.bib,"Thu, 27 Jul 2023 01:00:00 +0200",,,Lecture Notes in Computer Science,,,,B类,ECCV,,,,conference,,推荐国际学术会议
DBLP:conf/eccv/AlvarezLGL12,inproceedings,Semantic Road Segmentation via Multi-scale Ensembles of Learned Features,José M. Álvarez; Yann LeCun; Theo Gevers; Antonio M. López,2012,,"Computer Vision - ECCV 2012. Workshops and Demonstrations - Florence, Italy, October 7-13, 2012, Proceedings, Part II",7584,,586--595,10.1007/978-3-642-33868-7_58,https://doi.org/10.1007/978-3-642-33868-7_58,Springer,Andrea Fusiello; Vittorio Murino; Rita Cucchiara,,,"dblp computer science bibliography, https://dblp.org",https://dblp.org/rec/conf/eccv/AlvarezLGL12.bib,"Thu, 27 Jul 2023 01:00:00 +0200",,,Lecture Notes in Computer Science,,,,B类,ECCV,,,,conference,,推荐国际学术会议
DBLP:conf/icml/FarabetCNL12,inproceedings,"Scene parsing with Multiscale Feature Learning, Purity Trees, and Optimal Covers",Clément Farabet; Camille Couprie; Laurent Najman; Yann LeCun,2012,,"Proceedings of the 29th International Conference on Machine Learning, ICML 2012, Edinburgh, Scotland, UK, June 26 - July 1, 2012",,,,,http://icml.cc/2012/papers/319.pdf,icml.cc / Omnipress,,,,"dblp computer science bibliography, https://dblp.org",https://dblp.org/rec/conf/icml/FarabetCNL12.bib,"Wed, 03 Apr 2019 01:00:00 +0200",,,,,,,A类,ICML,,,,conference,,推荐国际学术会议
DBLP:conf/cvpr/FarabetMCACL11,inproceedings,NeuFlow: A runtime reconfigurable dataflow processor for vision,Clément Farabet; Berin Martini; B. Corda; Polina Akselrod; Eugenio Culurciello; Yann LeCun,2011,,"IEEE Conference on Computer Vision and Pattern Recognition, CVPR Workshops 2011, Colorado Springs, CO, USA, 20-25 June, 2011",,,109--116,10.1109/CVPRW.2011.5981829,https://doi.org/10.1109/CVPRW.2011.5981829,IEEE Computer Society,,,,"dblp computer science bibliography, https://dblp.org",https://dblp.org/rec/conf/cvpr/FarabetMCACL11.bib,"Fri, 24 Mar 2023 00:00:00 +0100",,,,,,,A类,CVPR,,,,conference,,推荐国际学术会议
DBLP:conf/iccv/BoureauRBPL11,inproceedings,Ask the locals: Multi-way local pooling for image recognition,Y-Lan Boureau; Nicolas Le Roux; Francis R. Bach; Jean Ponce; Yann LeCun,2011,,"IEEE International Conference on Computer Vision, ICCV 2011, Barcelona, Spain, November 6-13, 2011",,,2651--2658,10.1109/ICCV.2011.6126555,https://doi.org/10.1109/ICCV.2011.6126555,IEEE Computer Society,Dimitris N. Metaxas; Long Quan; Alberto Sanfeliu; Luc Van Gool,,,"dblp computer science bibliography, https://dblp.org",https://dblp.org/rec/conf/iccv/BoureauRBPL11.bib,"Thu, 23 Mar 2023 00:00:00 +0100",,,,,,,A类,ICCV,,,,conference,,推荐国际学术会议
DBLP:conf/nips/SzlamGL11,inproceedings,Structured sparse coding via lateral inhibition,Arthur Szlam; Karol Gregor; Yann LeCun,2011,,"Advances in Neural Information Processing Systems 24: 25th Annual Conference on Neural Information Processing Systems 2011. Proceedings of a meeting held 12-14 December 2011, Granada, Spain",,,1116--1124,,https://proceedings.neurips.cc/paper/2011/hash/fae0b27c451c728867a567e8c1bb4e53-Abstract.html,,John Shawe-Taylor; Richard S. Zemel; Peter L. Bartlett; Fernando C. N. Pereira; Kilian Q. Weinberger,,,"dblp computer science bibliography, https://dblp.org",https://dblp.org/rec/conf/nips/SzlamGL11.bib,"Mon, 16 May 2022 15:41:51 +0200",,,,,,,A类,NeurIPS,,,,conference,,推荐国际学术会议
DBLP:conf/cvpr/BoureauBLP10,inproceedings,Learning mid-level features for recognition,Y-Lan Boureau; Francis R. Bach; Yann LeCun; Jean Ponce,2010,,"The Twenty-Third IEEE Conference on Computer Vision and Pattern Recognition, CVPR 2010, San Francisco, CA, USA, 13-18 June 2010",,,2559--2566,10.1109/CVPR.2010.5539963,https://doi.org/10.1109/CVPR.2010.5539963,IEEE Computer Society,,,,"dblp computer science bibliography, https://dblp.org",https://dblp.org/rec/conf/cvpr/BoureauBLP10.bib,"Fri, 24 Mar 2023 00:00:00 +0100",,,,,,,A类,CVPR,,,,conference,,推荐国际学术会议
DBLP:conf/eccv/TaylorFLB10,inproceedings,Convolutional Learning of Spatio-temporal Features,Graham W. Taylor; Rob Fergus; Yann LeCun; Christoph Bregler,2010,,"Computer Vision - ECCV 2010 - 11th European Conference on Computer Vision, Heraklion, Crete, Greece, September 5-11, 2010, Proceedings, Part VI",6316,,140--153,10.1007/978-3-642-15567-3_11,https://doi.org/10.1007/978-3-642-15567-3_11,Springer,Kostas Daniilidis; Petros Maragos; Nikos Paragios,,,"dblp computer science bibliography, https://dblp.org",https://dblp.org/rec/conf/eccv/TaylorFLB10.bib,"Thu, 27 Jul 2023 01:00:00 +0200",,,Lecture Notes in Computer Science,,,,B类,ECCV,,,,conference,,推荐国际学术会议
DBLP:conf/icml/BoureauPL10,inproceedings,A Theoretical Analysis of Feature Pooling in Visual Recognition,Y-Lan Boureau; Jean Ponce; Yann LeCun,2010,,"Proceedings of the 27th International Conference on Machine Learning (ICML-10), June 21-24, 2010, Haifa, Israel",,,111--118,,https://icml.cc/Conferences/2010/papers/638.pdf,Omnipress,Johannes Fürnkranz; Thorsten Joachims,,,"dblp computer science bibliography, https://dblp.org",https://dblp.org/rec/conf/icml/BoureauPL10.bib,"Wed, 03 Apr 2019 01:00:00 +0200",,,,,,,A类,ICML,,,,conference,,推荐国际学术会议
DBLP:conf/icml/GregorL10,inproceedings,Learning Fast Approximations of Sparse Coding,Karol Gregor; Yann LeCun,2010,,"Proceedings of the 27th International Conference on Machine Learning (ICML-10), June 21-24, 2010, Haifa, Israel",,,399--406,,https://icml.cc/Conferences/2010/papers/449.pdf,Omnipress,Johannes Fürnkranz; Thorsten Joachims,,,"dblp computer science bibliography, https://dblp.org",https://dblp.org/rec/conf/icml/GregorL10.bib,"Wed, 03 Apr 2019 01:00:00 +0200",,,,,,,A类,ICML,,,,conference,,推荐国际学术会议
DBLP:conf/nips/KavukcuogluSBGML10,inproceedings,Learning Convolutional Feature Hierarchies for Visual Recognition,Koray Kavukcuoglu; Pierre Sermanet; Y-Lan Boureau; Karol Gregor; Michaël Mathieu; Yann LeCun,2010,,"Advances in Neural Information Processing Systems 23: 24th Annual Conference on Neural Information Processing Systems 2010. Proceedings of a meeting held 6-9 December 2010, Vancouver, British Columbia, Canada",,,1090--1098,,https://proceedings.neurips.cc/paper/2010/hash/a01610228fe998f515a72dd730294d87-Abstract.html,"Curran Associates, Inc.",John D. Lafferty; Christopher K. I. Williams; John Shawe-Taylor; Richard S. Zemel; Aron Culotta,,,"dblp computer science bibliography, https://dblp.org",https://dblp.org/rec/conf/nips/KavukcuogluSBGML10.bib,"Mon, 16 May 2022 15:41:51 +0200",,,,,,,A类,NeurIPS,,,,conference,,推荐国际学术会议
DBLP:conf/nips/KingmaL10,inproceedings,Regularized estimation of image statistics by Score Matching,Diederik P. Kingma; Yann LeCun,2010,,"Advances in Neural Information Processing Systems 23: 24th Annual Conference on Neural Information Processing Systems 2010. Proceedings of a meeting held 6-9 December 2010, Vancouver, British Columbia, Canada",,,1126--1134,,https://proceedings.neurips.cc/paper/2010/hash/6f3e29a35278d71c7f65495871231324-Abstract.html,"Curran Associates, Inc.",John D. Lafferty; Christopher K. I. Williams; John Shawe-Taylor; Richard S. Zemel; Aron Culotta,,,"dblp computer science bibliography, https://dblp.org",https://dblp.org/rec/conf/nips/KingmaL10.bib,"Thu, 21 Jan 2021 00:00:00 +0100",,,,,,,A类,NeurIPS,,,,conference,,推荐国际学术会议
DBLP:journals/jfr/SermanetHSGBECML09,article,A multirange architecture for collision-free off-road robot navigation,Pierre Sermanet; Raia Hadsell; Marco Scoffier; Matthew Grimes; Jan Ben; Ayse Erkan; Chris Crudele; Urs Miller; Yann LeCun,2009,J. Field Robotics,,26,1,52--87,10.1002/ROB.20270,https://doi.org/10.1002/rob.20270,,,,,"dblp computer science bibliography, https://dblp.org",https://dblp.org/rec/journals/jfr/SermanetHSGBECML09.bib,"Sun, 28 May 2017 01:00:00 +0200",,,,,,,,,2区,否,Journal of Field Robotics,journal,计算机科学,
DBLP:journals/jfr/HadsellSBESKML09,article,Learning long-range vision for autonomous off-road driving,Raia Hadsell; Pierre Sermanet; Jan Ben; Ayse Erkan; Marco Scoffier; Koray Kavukcuoglu; Urs Muller; Yann LeCun,2009,J. Field Robotics,,26,2,120--144,10.1002/ROB.20276,https://doi.org/10.1002/rob.20276,,,,,"dblp computer science bibliography, https://dblp.org",https://dblp.org/rec/journals/jfr/HadsellSBESKML09.bib,"Sun, 28 May 2017 01:00:00 +0200",,,,,,,,,2区,否,Journal of Field Robotics,journal,计算机科学,
DBLP:conf/cvpr/KavukcuogluRFL09,inproceedings,Learning invariant features through topographic filter maps,Koray Kavukcuoglu; Marc'Aurelio Ranzato; Rob Fergus; Yann LeCun,2009,,"2009 IEEE Computer Society Conference on Computer Vision and Pattern Recognition (CVPR 2009), 20-25 June 2009, Miami, Florida, USA",,,1605--1612,10.1109/CVPR.2009.5206545,https://doi.org/10.1109/CVPR.2009.5206545,IEEE Computer Society,,,,"dblp computer science bibliography, https://dblp.org",https://dblp.org/rec/conf/cvpr/KavukcuogluRFL09.bib,"Fri, 24 Mar 2023 00:00:00 +0100",,,,,,,A类,CVPR,,,,conference,,推荐国际学术会议
DBLP:conf/iccv/JarrettKRL09,inproceedings,What is the best multi-stage architecture for object recognition?,Kevin Jarrett; Koray Kavukcuoglu; Marc'Aurelio Ranzato; Yann LeCun,2009,,"IEEE 12th International Conference on Computer Vision, ICCV 2009, Kyoto, Japan, September 27 - October 4, 2009",,,2146--2153,10.1109/ICCV.2009.5459469,https://doi.org/10.1109/ICCV.2009.5459469,IEEE Computer Society,,,,"dblp computer science bibliography, https://dblp.org",https://dblp.org/rec/conf/iccv/JarrettKRL09.bib,"Thu, 23 Mar 2023 00:00:00 +0100",,,,,,,A类,ICCV,,,,conference,,推荐国际学术会议
DBLP:conf/icml/YuSLHB09,inproceedings,Workshop summary: Workshop on learning feature hierarchies,Kai Yu; Ruslan Salakhutdinov; Yann LeCun; Geoffrey E. Hinton; Yoshua Bengio,2009,,"Proceedings of the 26th Annual International Conference on Machine Learning, ICML 2009, Montreal, Quebec, Canada, June 14-18, 2009",382,,5,10.1145/1553374.1553543,https://doi.org/10.1145/1553374.1553543,ACM,Andrea Pohoreckyj Danyluk; Léon Bottou; Michael L. Littman,,,"dblp computer science bibliography, https://dblp.org",https://dblp.org/rec/conf/icml/YuSLHB09.bib,"Tue, 06 Nov 2018 16:58:29 +0100",,,ACM International Conference Proceeding Series,,,,A类,ICML,,,,conference,,推荐国际学术会议
DBLP:conf/icra/GrimesL09,inproceedings,Efficient off-road localization using visually corrected odometry,Matthew Grimes; Yann LeCun,2009,,"2009 IEEE International Conference on Robotics and Automation, ICRA 2009, Kobe, Japan, May 12-17, 2009",,,2649--2654,10.1109/ROBOT.2009.5152880,https://doi.org/10.1109/ROBOT.2009.5152880,IEEE,,,,"dblp computer science bibliography, https://dblp.org",https://dblp.org/rec/conf/icra/GrimesL09.bib,"Mon, 22 May 2017 01:00:00 +0200",,,,,,,B类,ICRA,,,,conference,,推荐国际学术会议
DBLP:journals/ijcv/FitzgibbonTL08,article,Editorial,Andrew W. Fitzgibbon; Camillo J. Taylor; Yann LeCun,2008,Int. J. Comput. Vis.,,80,1,1--2,10.1007/S11263-008-0162-4,https://doi.org/10.1007/s11263-008-0162-4,,,,,"dblp computer science bibliography, https://dblp.org",https://dblp.org/rec/journals/ijcv/FitzgibbonTL08.bib,"Fri, 13 Mar 2020 00:00:00 +0100",,,,,,,A类,IJCV,2区,否,INTERNATIONAL JOURNAL OF COMPUTER VISION,journal,计算机科学,推荐国际学术刊物
DBLP:journals/jmlr/OsadchyLM07,article,Synergistic Face Detection and Pose Estimation with Energy-Based Models,Margarita Osadchy; Yann LeCun; Matthew L. Miller,2007,J. Mach. Learn. Res.,,8,,1197--1215,10.5555/1314498.1314539,https://dl.acm.org/doi/10.5555/1314498.1314539,,,,,"dblp computer science bibliography, https://dblp.org",https://dblp.org/rec/journals/jmlr/OsadchyLM07.bib,"Thu, 02 Jun 2022 01:00:00 +0200",,,,,,,A类,JMLR,4区,否,JOURNAL OF MACHINE LEARNING RESEARCH,journal,计算机科学,推荐国际学术刊物
DBLP:journals/jmlr/SonnenburgBOBBHLMPRRSSVWW07,article,The Need for Open Source Software in Machine Learning,Sören Sonnenburg; Mikio L. Braun; Cheng Soon Ong; Samy Bengio; Léon Bottou; Geoffrey Holmes; Yann LeCun; Klaus-Robert Müller; Fernando Pereira; Carl Edward Rasmussen; Gunnar Rätsch; Bernhard Schölkopf; Alexander J. Smola; Pascal Vincent; Jason Weston; Robert C. Williamson,2007,J. Mach. Learn. Res.,,8,,2443--2466,10.5555/1314498.1314577,https://dl.acm.org/doi/10.5555/1314498.1314577,,,,,"dblp computer science bibliography, https://dblp.org",https://dblp.org/rec/journals/jmlr/SonnenburgBOBBHLMPRRSSVWW07.bib,"Fri, 30 Dec 2022 00:00:00 +0100",,,,,,,A类,JMLR,4区,否,JOURNAL OF MACHINE LEARNING RESEARCH,journal,计算机科学,推荐国际学术刊物
DBLP:conf/aaai/MirowskiML07,inproceedings,Time-Delay Neural Networks and Independent Component Analysis for EEG-Based Prediction of Epileptic Seizures Propagation,Piotr W. Mirowski; Deepak Madhavan; Yann LeCun,2007,,"Proceedings of the Twenty-Second AAAI Conference on Artificial Intelligence, July 22-26, 2007, Vancouver, British Columbia, Canada",,,1892--1893,,http://www.aaai.org/Library/AAAI/2007/aaai07-321.php,AAAI Press,,,,"dblp computer science bibliography, https://dblp.org",https://dblp.org/rec/conf/aaai/MirowskiML07.bib,"Tue, 05 Sep 2023 01:00:00 +0200",,,,,,,A类,AAAI,,,,conference,,推荐国际学术会议
DBLP:conf/cvpr/RanzatoHBL07,inproceedings,Unsupervised Learning of Invariant Feature Hierarchies with Applications to Object Recognition,Marc'Aurelio Ranzato; Fu Jie Huang; Y-Lan Boureau; Yann LeCun,2007,,"2007 IEEE Computer Society Conference on Computer Vision and Pattern Recognition (CVPR 2007), 18-23 June 2007, Minneapolis, Minnesota, USA",,,,10.1109/CVPR.2007.383157,https://doi.org/10.1109/CVPR.2007.383157,IEEE Computer Society,,,,"dblp computer science bibliography, https://dblp.org",https://dblp.org/rec/conf/cvpr/RanzatoHBL07.bib,"Fri, 24 Mar 2023 00:00:00 +0100",,,,,,,A类,CVPR,,,,conference,,推荐国际学术会议
DBLP:conf/kdd/ChopraTLCL07,inproceedings,Discovering the hidden structure of house prices with a non-parametric latent manifold model,Sumit Chopra; Trivikraman Thampy; John Leahy; Andrew Caplin; Yann LeCun,2007,,"Proceedings of the 13th ACM SIGKDD International Conference on Knowledge Discovery and Data Mining, San Jose, California, USA, August 12-15, 2007",,,173--182,10.1145/1281192.1281214,https://doi.org/10.1145/1281192.1281214,ACM,Pavel Berkhin; Rich Caruana; Xindong Wu,,,"dblp computer science bibliography, https://dblp.org",https://dblp.org/rec/conf/kdd/ChopraTLCL07.bib,"Fri, 10 Mar 2023 14:55:31 +0100",,,,,,,A类,SIGKDD,,,,conference,,推荐国际学术会议
DBLP:conf/nips/RanzatoBL07,inproceedings,Sparse Feature Learning for Deep Belief Networks,Marc'Aurelio Ranzato; Y-Lan Boureau; Yann LeCun,2007,,"Advances in Neural Information Processing Systems 20, Proceedings of the Twenty-First Annual Conference on Neural Information Processing Systems, Vancouver, British Columbia, Canada, December 3-6, 2007",,,1185--1192,,https://proceedings.neurips.cc/paper/2007/hash/c60d060b946d6dd6145dcbad5c4ccf6f-Abstract.html,"Curran Associates, Inc.",John C. Platt; Daphne Koller; Yoram Singer; Sam T. Roweis,,,"dblp computer science bibliography, https://dblp.org",https://dblp.org/rec/conf/nips/RanzatoBL07.bib,"Mon, 16 May 2022 15:41:51 +0200",,,,,,,A类,NeurIPS,,,,conference,,推荐国际学术会议
DBLP:conf/cvpr/HuangL06,inproceedings,Large-scale Learning with SVM and Convolutional for Generic Object Categorization,Fu Jie Huang; Yann LeCun,2006,,"2006 IEEE Computer Society Conference on Computer Vision and Pattern Recognition (CVPR 2006), 17-22 June 2006, New York, NY, USA",,,284--291,10.1109/CVPR.2006.164,https://doi.org/10.1109/CVPR.2006.164,IEEE Computer Society,,,,"dblp computer science bibliography, https://dblp.org",https://dblp.org/rec/conf/cvpr/HuangL06.bib,"Fri, 28 Feb 2025 00:00:00 +0100",,,,,,,A类,CVPR,,,,conference,,推荐国际学术会议
DBLP:conf/cvpr/HadsellCL06,inproceedings,Dimensionality Reduction by Learning an Invariant Mapping,Raia Hadsell; Sumit Chopra; Yann LeCun,2006,,"2006 IEEE Computer Society Conference on Computer Vision and Pattern Recognition (CVPR 2006), 17-22 June 2006, New York, NY, USA",,,1735--1742,10.1109/CVPR.2006.100,https://doi.org/10.1109/CVPR.2006.100,IEEE Computer Society,,,,"dblp computer science bibliography, https://dblp.org",https://dblp.org/rec/conf/cvpr/HadsellCL06.bib,"Fri, 28 Feb 2025 00:00:00 +0100",,,,,,,A类,CVPR,,,,conference,,推荐国际学术会议
DBLP:conf/nips/RanzatoPCL06,inproceedings,Efficient Learning of Sparse Representations with an Energy-Based Model,Marc'Aurelio Ranzato; Christopher S. Poultney; Sumit Chopra; Yann LeCun,2006,,"Advances in Neural Information Processing Systems 19, Proceedings of the Twentieth Annual Conference on Neural Information Processing Systems, Vancouver, British Columbia, Canada, December 4-7, 2006",,,1137--1144,,https://proceedings.neurips.cc/paper/2006/hash/87f4d79e36d68c3031ccf6c55e9bbd39-Abstract.html,MIT Press,Bernhard Schölkopf; John C. Platt; Thomas Hofmann,,,"dblp computer science bibliography, https://dblp.org",https://dblp.org/rec/conf/nips/RanzatoPCL06.bib,"Mon, 16 May 2022 15:41:51 +0200",,,,,,,A类,NeurIPS,,,,conference,,推荐国际学术会议
DBLP:journals/tip/NingDLPBB05,article,Toward Automatic Phenotyping of Developing Embryos From Videos,F. Ning; D. Delhomme; Yann LeCun; F. Piano; Léon Bottou; Paolo Emilio Barbano,2005,IEEE Trans. Image Process.,,14,9,1360--1371,10.1109/TIP.2005.852470,https://doi.org/10.1109/TIP.2005.852470,,,,,"dblp computer science bibliography, https://dblp.org",https://dblp.org/rec/journals/tip/NingDLPBB05.bib,"Sun, 10 May 2020 01:00:00 +0200",,,,,,,A类,TIP,1区,是,IEEE TRANSACTIONS ON IMAGE PROCESSING,journal,计算机科学,推荐国际学术刊物
DBLP:conf/cvpr/ChopraHL05,inproceedings,"Learning a Similarity Metric Discriminatively, with Application to Face Verification",Sumit Chopra; Raia Hadsell; Yann LeCun,2005,,"2005 IEEE Computer Society Conference on Computer Vision and Pattern Recognition (CVPR 2005), 20-26 June 2005, San Diego, CA, USA",,,539--546,10.1109/CVPR.2005.202,https://doi.org/10.1109/CVPR.2005.202,IEEE Computer Society,,,,"dblp computer science bibliography, https://dblp.org",https://dblp.org/rec/conf/cvpr/ChopraHL05.bib,"Fri, 28 Feb 2025 00:00:00 +0100",,,,,,,A类,CVPR,,,,conference,,推荐国际学术会议
DBLP:conf/nips/LeCunMBCF05,inproceedings,Off-Road Obstacle Avoidance through End-to-End Learning,Yann LeCun; Urs Muller; Jan Ben; Eric Cosatto; Beat Flepp,2005,,"Advances in Neural Information Processing Systems 18 [Neural Information Processing Systems, NIPS 2005, December 5-8, 2005, Vancouver, British Columbia, Canada]",,,739--746,,https://proceedings.neurips.cc/paper/2005/hash/fdf1bc5669e8ff5ba45d02fded729feb-Abstract.html,,,,,"dblp computer science bibliography, https://dblp.org",https://dblp.org/rec/conf/nips/LeCunMBCF05.bib,"Mon, 16 May 2022 15:41:51 +0200",,,,,,,A类,NeurIPS,,,,conference,,推荐国际学术会议
DBLP:conf/cvpr/LeCunHB04,inproceedings,Learning Methods for Generic Object Recognition with Invariance to Pose and Lighting,Yann LeCun; Fu Jie Huang; Léon Bottou,2004,,"2004 IEEE Computer Society Conference on Computer Vision and Pattern Recognition (CVPR 2004), with CD-ROM, 27 June - 2 July 2004, Washington, DC, USA",,,97--104,10.1109/CVPR.2004.144,https://doi.ieeecomputersociety.org/10.1109/CVPR.2004.144,IEEE Computer Society,,,,"dblp computer science bibliography, https://dblp.org",https://dblp.org/rec/conf/cvpr/LeCunHB04.bib,"Fri, 28 Feb 2025 00:00:00 +0100",,,,,,,A类,CVPR,,,,conference,,推荐国际学术会议
DBLP:conf/nips/BottouC03,inproceedings,Large Scale Online Learning,Léon Bottou; Yann LeCun,2003,,"Advances in Neural Information Processing Systems 16 [Neural Information Processing Systems, NIPS 2003, December 8-13, 2003, Vancouver and Whistler, British Columbia, Canada]",,,217--224,,https://proceedings.neurips.cc/paper/2003/hash/9fb7b048c96d44a0337f049e0a61ff06-Abstract.html,MIT Press,Sebastian Thrun; Lawrence K. Saul; Bernhard Schölkopf,,,"dblp computer science bibliography, https://dblp.org",https://dblp.org/rec/conf/nips/BottouC03.bib,"Mon, 16 May 2022 15:41:51 +0200",,,,,,,A类,NeurIPS,,,,conference,,推荐国际学术会议
DBLP:conf/nips/SaulLIL02,inproceedings,Real Time Voice Processing with Audiovisual Feedback: Toward Autonomous Agents with Perfect Pitch,Lawrence K. Saul; Daniel D. Lee; Charles L. Isbell Jr.; Yann LeCun,2002,,"Advances in Neural Information Processing Systems 15 [Neural Information Processing Systems, NIPS 2002, December 9-14, 2002, Vancouver, British Columbia, Canada]",,,1181--1188,,https://proceedings.neurips.cc/paper/2002/hash/43351f7bf9a215be70c2c2caa7555002-Abstract.html,MIT Press,Suzanna Becker; Sebastian Thrun; Klaus Obermayer,,,"dblp computer science bibliography, https://dblp.org",https://dblp.org/rec/conf/nips/SaulLIL02.bib,"Mon, 16 May 2022 15:41:51 +0200",,,,,,,A类,NeurIPS,,,,conference,,推荐国际学术会议
DBLP:journals/pieee/CoxHLSR98,article,On the applications of multimedia processing to communications,Richard V. Cox; Barry G. Haskell; Yann LeCun; Behzad Shahraray; Lawrence R. Rabiner,1998,Proc. IEEE,,86,5,755--824,10.1109/5.664272,https://doi.org/10.1109/5.664272,,,,,"dblp computer science bibliography, https://dblp.org",https://dblp.org/rec/journals/pieee/CoxHLSR98.bib,"Mon, 28 Feb 2022 00:00:00 +0100",,,,,,,A类,Proc. IEEE,1区,是,PROCEEDINGS OF THE IEEE,journal,计算机科学,推荐国际学术刊物
DBLP:journals/pieee/LeCunBBH98,article,Gradient-based learning applied to document recognition,Yann LeCun; Léon Bottou; Yoshua Bengio; Patrick Haffner,1998,Proc. IEEE,,86,11,2278--2324,10.1109/5.726791,https://doi.org/10.1109/5.726791,,,,,"dblp computer science bibliography, https://dblp.org",https://dblp.org/rec/journals/pieee/LeCunBBH98.bib,"Wed, 16 Mar 2022 00:00:00 +0100",,,,,,,A类,Proc. IEEE,1区,是,PROCEEDINGS OF THE IEEE,journal,计算机科学,推荐国际学术刊物
DBLP:journals/tcsv/HaskellHLPOCRBH98,article,Image and video coding-emerging standards and beyond,Barry G. Haskell; Paul G. Howard; Yann LeCun; Atul Puri; Jörn Ostermann; M. Reha Civanlar; Lawrence R. Rabiner; Léon Bottou; Patrick Haffner,1998,IEEE Trans. Circuits Syst. Video Technol.,,8,7,814--837,10.1109/76.735379,https://doi.org/10.1109/76.735379,,,,,"dblp computer science bibliography, https://dblp.org",https://dblp.org/rec/journals/tcsv/HaskellHLPOCRBH98.bib,"Mon, 03 Mar 2025 00:00:00 +0100",,,,,,,B类,TCSVT,1区,是,IEEE TRANSACTIONS ON CIRCUITS AND SYSTEMS FOR VIDEO TECHNOLOGY,journal,计算机科学,推荐国际学术刊物
DBLP:journals/tip/ChellappaFKKLNP98,article,Guest Editorial Applications Of Artificial Neural Networks To Image Processing,Rama Chellappa; Kunihiko Fukushima; Aggelos K. Katsaggelos; Sun-Yuan Kung; Yann LeCun; Nasser M. Nasrabadi; Tomaso A. Poggio,1998,IEEE Trans. Image Process.,,7,8,1093--1096,10.1109/TIP.1998.704303,https://doi.org/10.1109/TIP.1998.704303,,,,,"dblp computer science bibliography, https://dblp.org",https://dblp.org/rec/journals/tip/ChellappaFKKLNP98.bib,"Sun, 10 May 2020 01:00:00 +0200",,,,,,,A类,TIP,1区,是,IEEE TRANSACTIONS ON IMAGE PROCESSING,journal,计算机科学,推荐国际学术刊物
DBLP:conf/nips/SimardBHL98,inproceedings,Boxlets: A Fast Convolution Algorithm for Signal Processing and Neural Networks,Patrice Y. Simard; Léon Bottou; Patrick Haffner; Yann LeCun,1998,,"Advances in Neural Information Processing Systems 11, [NIPS Conference, Denver, Colorado, USA, November 30 - December 5, 1998]",,,571--577,,http://papers.nips.cc/paper/1602-boxlets-a-fast-convolution-algorithm-for-signal-processing-and-neural-networks,The MIT Press,Michael J. Kearns; Sara A. Solla; David A. Cohn,,,"dblp computer science bibliography, https://dblp.org",https://dblp.org/rec/conf/nips/SimardBHL98.bib,"Mon, 16 May 2022 15:41:51 +0200",,,,,,,A类,NeurIPS,,,,conference,,推荐国际学术会议
DBLP:conf/cvpr/BottouBL97,inproceedings,Global Training of Document Processing Systems Using Graph Transformer Networks,Léon Bottou; Yoshua Bengio; Yann LeCun,1997,,"1997 Conference on Computer Vision and Pattern Recognition (CVPR '97), June 17-19, 1997, San Juan, Puerto Rico",,,489--494,10.1109/CVPR.1997.609370,https://doi.org/10.1109/CVPR.1997.609370,IEEE Computer Society,,,,"dblp computer science bibliography, https://dblp.org",https://dblp.org/rec/conf/cvpr/BottouBL97.bib,"Fri, 24 Mar 2023 00:00:00 +0100",,,,,,,A类,CVPR,,,,conference,,推荐国际学术会议
DBLP:conf/icassp/LeCunBB97,inproceedings,Reading checks with multilayer graph transformer networks,Yann LeCun; Léon Bottou; Yoshua Bengio,1997,,"1997 IEEE International Conference on Acoustics, Speech, and Signal Processing, ICASSP '97, Munich, Germany, April 21-24, 1997",,,151--154,10.1109/ICASSP.1997.599580,https://doi.org/10.1109/ICASSP.1997.599580,IEEE Computer Society,,,,"dblp computer science bibliography, https://dblp.org",https://dblp.org/rec/conf/icassp/LeCunBB97.bib,"Thu, 23 Mar 2023 00:00:00 +0100",,,,,,,B类,ICASSP,,,,conference,,推荐国际学术会议
DBLP:journals/neco/BengioLNB95,article,LeRec: a NN/HMM hybrid for on-line handwriting recognition,Yoshua Bengio; Yann LeCun; Craig R. Nohl; Christopher J. C. Burges,1995,Neural Comput.,,7,6,1289--1303,10.1162/NECO.1995.7.6.1289,https://doi.org/10.1162/neco.1995.7.6.1289,,,,,"dblp computer science bibliography, https://dblp.org",https://dblp.org/rec/journals/neco/BengioLNB95.bib,"Tue, 01 Sep 2020 01:00:00 +0200",,,,,,,B类,,4区,否,NEURAL COMPUTATION,journal,计算机科学,推荐国际学术刊物
DBLP:journals/neco/VapnikLL94,article,Measuring the VC-Dimension of a Learning Machine,Vladimir Vapnik; Esther Levin; Yann LeCun,1994,Neural Comput.,,6,5,851--876,10.1162/NECO.1994.6.5.851,https://doi.org/10.1162/neco.1994.6.5.851,,,,,"dblp computer science bibliography, https://dblp.org",https://dblp.org/rec/journals/neco/VapnikLL94.bib,"Mon, 28 Aug 2023 01:00:00 +0200",,,,,,,B类,,4区,否,NEURAL COMPUTATION,journal,计算机科学,推荐国际学术刊物
DBLP:journals/neco/DruckerCJLV94,article,Boosting and Other Ensemble Methods,Harris Drucker; Corinna Cortes; Lawrence D. Jackel; Yann LeCun; Vladimir Vapnik,1994,Neural Comput.,,6,6,1289--1301,10.1162/NECO.1994.6.6.1289,https://doi.org/10.1162/neco.1994.6.6.1289,,,,,"dblp computer science bibliography, https://dblp.org",https://dblp.org/rec/journals/neco/DruckerCJLV94.bib,"Tue, 01 Sep 2020 01:00:00 +0200",,,,,,,B类,,4区,否,NEURAL COMPUTATION,journal,计算机科学,推荐国际学术刊物
DBLP:conf/icml/DruckerCJCV94,inproceedings,Boosting and Other Machine Learning Algorithms,Harris Drucker; Corinna Cortes; Lawrence D. Jackel; Yann LeCun; Vladimir Vapnik,1994,,"Machine Learning, Proceedings of the Eleventh International Conference, Rutgers University, New Brunswick, NJ, USA, July 10-13, 1994",,,53--61,10.1016/B978-1-55860-335-6.50015-5,https://doi.org/10.1016/b978-1-55860-335-6.50015-5,Morgan Kaufmann,William W. Cohen; Haym Hirsh,,,"dblp computer science bibliography, https://dblp.org",https://dblp.org/rec/conf/icml/DruckerCJCV94.bib,"Mon, 24 Jun 2019 13:56:31 +0200",,,,,,,A类,ICML,,,,conference,,推荐国际学术会议
DBLP:conf/nips/BromleyGLSS93,inproceedings,Signature Verification Using a Siamese Time Delay Neural Network,Jane Bromley; Isabelle Guyon; Yann LeCun; Eduard Säckinger; Roopak Shah,1993,,"Advances in Neural Information Processing Systems 6, [7th NIPS Conference, Denver, Colorado, USA, 1993]",,,737--744,,http://papers.nips.cc/paper/769-signature-verification-using-a-siamese-time-delay-neural-network,Morgan Kaufmann,Jack D. Cowan; Gerald Tesauro; Joshua Alspector,,,"dblp computer science bibliography, https://dblp.org",https://dblp.org/rec/conf/nips/BromleyGLSS93.bib,"Mon, 16 May 2022 15:41:51 +0200",,,,,,,A类,NeurIPS,,,,conference,,推荐国际学术会议
DBLP:conf/nips/BengioCH93,inproceedings,"Globally Trained Handwritten Word Recognizer Using Spatial Representation, Convolutional Neural Networks, and Hidden Markov Models",Yoshua Bengio; Yann LeCun; Donnie Henderson,1993,,"Advances in Neural Information Processing Systems 6, [7th NIPS Conference, Denver, Colorado, USA, 1993]",,,937--944,,http://papers.nips.cc/paper/819-globally-trained-handwritten-word-recognizer-using-spatial-representation-convolutional-neural-networks-and-hidden-markov-models,Morgan Kaufmann,Jack D. Cowan; Gerald Tesauro; Joshua Alspector,,,"dblp computer science bibliography, https://dblp.org",https://dblp.org/rec/conf/nips/BengioCH93.bib,"Fri, 06 Mar 2020 00:00:00 +0100",,,,,,,A类,NeurIPS,,,,conference,,推荐国际学术会议
DBLP:journals/micro/BoserSBLJ92,article,Hardware requirements for neural network pattern classifiers: a case study and implementation,Bernhard E. Boser; Eduard Säckinger; Jane Bromley; Yann LeCun; Lawrence D. Jackel,1992,IEEE Micro,,12,1,32--40,10.1109/40.124378,https://doi.org/10.1109/40.124378,,,,,"dblp computer science bibliography, https://dblp.org",https://dblp.org/rec/journals/micro/BoserSBLJ92.bib,"Sat, 20 May 2017 01:00:00 +0200",,,,,,,A类,MICRO,3区,否,IEEE MICRO,journal,计算机科学,推荐国际学术会议
DBLP:journals/tnn/SackingerBBLJ92,article,Application of the ANNA neural network chip to high-speed character recognition,Eduard Säckinger; Bernhard E. Boser; Jane Bromley; Yann LeCun; Lawrence D. Jackel,1992,IEEE Trans. Neural Networks,,3,3,498--505,10.1109/72.129422,https://doi.org/10.1109/72.129422,,,,,"dblp computer science bibliography, https://dblp.org",https://dblp.org/rec/journals/tnn/SackingerBBLJ92.bib,"Wed, 14 Nov 2018 00:00:00 +0100",,,,,,,B类,TNNLS,1区,是,IEEE Transactions on Neural Networks and Learning Systems,journal,计算机科学,推荐国际学术刊物
DBLP:journals/tnn/DruckerL92,article,Improving generalization performance using double backpropagation,Harris Drucker; Yann LeCun,1992,IEEE Trans. Neural Networks,,3,6,991--997,10.1109/72.165600,https://doi.org/10.1109/72.165600,,,,,"dblp computer science bibliography, https://dblp.org",https://dblp.org/rec/journals/tnn/DruckerL92.bib,"Wed, 14 Nov 2018 00:00:00 +0100",,,,,,,B类,TNNLS,1区,是,IEEE Transactions on Neural Networks and Learning Systems,journal,计算机科学,推荐国际学术刊物
DBLP:conf/nips/SimardCD92,inproceedings,Efficient Pattern Recognition Using a New Transformation Distance,Patrice Y. Simard; Yann LeCun; John S. Denker,1992,,"Advances in Neural Information Processing Systems 5, [NIPS Conference, Denver, Colorado, USA, November 30 - December 3, 1992]",,,50--58,,http://papers.nips.cc/paper/656-efficient-pattern-recognition-using-a-new-transformation-distance,Morgan Kaufmann,Stephen Jose Hanson; Jack D. Cowan; C. Lee Giles,,,"dblp computer science bibliography, https://dblp.org",https://dblp.org/rec/conf/nips/SimardCD92.bib,"Mon, 16 May 2022 15:41:51 +0200",,,,,,,A类,NeurIPS,,,,conference,,推荐国际学术会议
DBLP:conf/nips/CunSP92,inproceedings,Automatic Learning Rate Maximization in Large Adaptive Machines,Yann LeCun; Patrice Y. Simard; Barak A. Pearlmutter,1992,,"Advances in Neural Information Processing Systems 5, [NIPS Conference, Denver, Colorado, USA, November 30 - December 3, 1992]",,,156--163,,http://papers.nips.cc/paper/589-egularities-under-changing-environments,Morgan Kaufmann,Stephen Jose Hanson; Jack D. Cowan; C. Lee Giles,,,"dblp computer science bibliography, https://dblp.org",https://dblp.org/rec/conf/nips/CunSP92.bib,"Fri, 06 Mar 2020 00:00:00 +0100",,,,,,,A类,NeurIPS,,,,conference,,推荐国际学术会议
DBLP:journals/jssc/BoserSBLJ91,article,An analog neural network processor with programmable topology,Bernhard E. Boser; Eduard Sackinger; Jane Bromley; Yann LeCun; Lawrence D. Jackel,1991,IEEE J. Solid State Circuits,,26,12,2017--2025,10.1109/4.104196,https://doi.org/10.1109/4.104196,,,,,"dblp computer science bibliography, https://dblp.org",https://dblp.org/rec/journals/jssc/BoserSBLJ91.bib,"Wed, 26 Feb 2025 00:00:00 +0100",,,,,,,,,1区,是,IEEE JOURNAL OF SOLID-STATE CIRCUITS,journal,工程技术,
DBLP:journals/pr/GuyonALDH91,article,Design of a neural network character recognizer for a touch terminal,Isabelle Guyon; P. Albrecht; Yann LeCun; John S. Denker; Wayne E. Hubbard,1991,Pattern Recognit.,,24,2,105--119,10.1016/0031-3203(91)90081-F,https://doi.org/10.1016/0031-3203(91)90081-F,,,,,"dblp computer science bibliography, https://dblp.org",https://dblp.org/rec/journals/pr/GuyonALDH91.bib,"Mon, 24 Feb 2020 00:00:00 +0100",,,,,,,,,1区,是,PATTERN RECOGNITION,journal,计算机科学,
DBLP:conf/nips/MatanBLD91,inproceedings,Multi-Digit Recognition Using a Space Displacement Neural Network,Ofer Matan; Christopher J. C. Burges; Yann LeCun; John S. Denker,1991,,"Advances in Neural Information Processing Systems 4, [NIPS Conference, Denver, Colorado, USA, December 2-5, 1991]",,,488--495,,http://papers.nips.cc/paper/557-multi-digit-recognition-using-a-space-displacement-neural-network,Morgan Kaufmann,John E. Moody; Stephen Jose Hanson; Richard Lippmann,,,"dblp computer science bibliography, https://dblp.org",https://dblp.org/rec/conf/nips/MatanBLD91.bib,"Mon, 16 May 2022 15:41:51 +0200",,,,,,,A类,NeurIPS,,,,conference,,推荐国际学术会议
DBLP:conf/nips/SimardL91,inproceedings,Reverse TDNN: An Architecture For Trajectory Generation,Patrice Y. Simard; Yann LeCun,1991,,"Advances in Neural Information Processing Systems 4, [NIPS Conference, Denver, Colorado, USA, December 2-5, 1991]",,,579--588,,http://papers.nips.cc/paper/577-reverse-tdnn-an-architecture-for-trajectory-generation,Morgan Kaufmann,John E. Moody; Stephen Jose Hanson; Richard Lippmann,,,"dblp computer science bibliography, https://dblp.org",https://dblp.org/rec/conf/nips/SimardL91.bib,"Fri, 06 Mar 2020 00:00:00 +0100",,,,,,,A类,NeurIPS,,,,conference,,推荐国际学术会议
DBLP:conf/nips/SimardVLD91,inproceedings,Tangent Prop - A Formalism for Specifying Selected Invariances in an Adaptive Network,Patrice Y. Simard; Bernard Victorri; Yann LeCun; John S. Denker,1991,,"Advances in Neural Information Processing Systems 4, [NIPS Conference, Denver, Colorado, USA, December 2-5, 1991]",,,895--903,,http://papers.nips.cc/paper/536-tangent-prop-a-formalism-for-specifying-selected-invariances-in-an-adaptive-network,Morgan Kaufmann,John E. Moody; Stephen Jose Hanson; Richard Lippmann,,,"dblp computer science bibliography, https://dblp.org",https://dblp.org/rec/conf/nips/SimardVLD91.bib,"Fri, 06 Mar 2020 00:00:00 +0100",,,,,,,A类,NeurIPS,,,,conference,,推荐国际学术会议
DBLP:conf/nips/DenkerL90,inproceedings,Transforming Neural-Net Output Levels to Probability Distributions,John S. Denker; Yann LeCun,1990,,"Advances in Neural Information Processing Systems 3, [NIPS Conference, Denver, Colorado, USA, November 26-29, 1990]",,,853--859,,http://papers.nips.cc/paper/419-transforming-neural-net-output-levels-to-probability-distributions,Morgan Kaufmann,Richard Lippmann; John E. Moody; David S. Touretzky,,,"dblp computer science bibliography, https://dblp.org",https://dblp.org/rec/conf/nips/DenkerL90.bib,"Mon, 16 May 2022 15:41:51 +0200",,,,,,,A类,NeurIPS,,,,conference,,推荐国际学术会议
DBLP:conf/nips/CunKS90,inproceedings,Second Order Properties of Error Surfaces,Yann LeCun; Ido Kanter; Sara A. Solla,1990,,"Advances in Neural Information Processing Systems 3, [NIPS Conference, Denver, Colorado, USA, November 26-29, 1990]",,,918--924,,http://papers.nips.cc/paper/314-second-order-properties-of-error-surfaces,Morgan Kaufmann,Richard Lippmann; John E. Moody; David S. Touretzky,,,"dblp computer science bibliography, https://dblp.org",https://dblp.org/rec/conf/nips/CunKS90.bib,"Fri, 06 Mar 2020 00:00:00 +0100",,,,,,,A类,NeurIPS,,,,conference,,推荐国际学术会议
DBLP:journals/cm/LeCunJBDGGHHH89,article,Handwritten digit recognition: applications of neural network chips and automatic learning,Yann LeCun; Lawrence D. Jackel; Bernhard E. Boser; John S. Denker; Hans Peter Graf; Isabelle Guyon; Don Henderson; Richard E. Howard; Wayne E. Hubbard,1989,IEEE Commun. Mag.,,27,11,41--46,10.1109/35.41400,https://doi.org/10.1109/35.41400,,,,,"dblp computer science bibliography, https://dblp.org",https://dblp.org/rec/journals/cm/LeCunJBDGGHHH89.bib,"Mon, 28 Aug 2023 01:00:00 +0200",,,,,,,,,2区,否,IEEE COMMUNICATIONS MAGAZINE,journal,计算机科学,
DBLP:journals/neco/LeCunBDHHHJ89,article,Backpropagation Applied to Handwritten Zip Code Recognition,Yann LeCun; Bernhard E. Boser; John S. Denker; Donnie Henderson; Richard E. Howard; Wayne E. Hubbard; Lawrence D. Jackel,1989,Neural Comput.,,1,4,541--551,10.1162/NECO.1989.1.4.541,https://doi.org/10.1162/neco.1989.1.4.541,,,,,"dblp computer science bibliography, https://dblp.org",https://dblp.org/rec/journals/neco/LeCunBDHHHJ89.bib,"Mon, 28 Aug 2023 01:00:00 +0200",,,,,,,B类,,4区,否,NEURAL COMPUTATION,journal,计算机科学,推荐国际学术刊物
DBLP:conf/nips/CunBDHHHJ89,inproceedings,Handwritten Digit Recognition with a Back-Propagation Network,Yann LeCun; Bernhard E. Boser; John S. Denker; Donnie Henderson; Richard E. Howard; Wayne E. Hubbard; Lawrence D. Jackel,1989,,"Advances in Neural Information Processing Systems 2, [NIPS Conference, Denver, Colorado, USA, November 27-30, 1989]",,,396--404,,http://papers.nips.cc/paper/293-handwritten-digit-recognition-with-a-back-propagation-network,Morgan Kaufmann,David S. Touretzky,,,"dblp computer science bibliography, https://dblp.org",https://dblp.org/rec/conf/nips/CunBDHHHJ89.bib,"Mon, 16 May 2022 15:41:51 +0200",,,,,,,A类,NeurIPS,,,,conference,,推荐国际学术会议
DBLP:conf/nips/CunDS89,inproceedings,Optimal Brain Damage,Yann LeCun; John S. Denker; Sara A. Solla,1989,,"Advances in Neural Information Processing Systems 2, [NIPS Conference, Denver, Colorado, USA, November 27-30, 1989]",,,598--605,,http://papers.nips.cc/paper/250-optimal-brain-damage,Morgan Kaufmann,David S. Touretzky,,,"dblp computer science bibliography, https://dblp.org",https://dblp.org/rec/conf/nips/CunDS89.bib,"Fri, 06 Mar 2020 00:00:00 +0100",,,,,,,A类,NeurIPS,,,,conference,,推荐国际学术会议
DBLP:journals/nn/LeCun88,article,Using curvature information to improve back-propagation,Yann LeCun,1988,Neural Networks,,1,Supplement-1,168--171,10.1016/0893-6080(88)90205-5,https://doi.org/10.1016/0893-6080(88)90205-5,,,,,"dblp computer science bibliography, https://dblp.org",https://dblp.org/rec/journals/nn/LeCun88.bib,"Sun, 28 May 2017 01:00:00 +0200",,,,,,,B类,,2区,是,NEURAL NETWORKS,journal,计算机科学,推荐国际学术刊物
DBLP:conf/nips/CunGH88,inproceedings,GEMINI: Gradient Estimation Through Matrix Inversion After Noise Injection,Yann LeCun; Conrad C. Galland; Geoffrey E. Hinton,1988,,"Advances in Neural Information Processing Systems 1, [NIPS Conference, Denver, Colorado, USA, 1988]",,,141--148,,http://papers.nips.cc/paper/122-gemini-gradient-estimation-through-matrix-inversion-after-noise-injection,Morgan Kaufmann,David S. Touretzky,,,"dblp computer science bibliography, https://dblp.org",https://dblp.org/rec/conf/nips/CunGH88.bib,"Mon, 16 May 2022 15:41:51 +0200",,,,,,,A类,NeurIPS,,,,conference,,推荐国际学术会议
